{
  "generation": 29,
  "fitness": 33.5034586097411,
  "chromosome": [
    27,
    83,
    1,
    9.533906376835763,
    13.900372726337853,
    24.12552412946798,
    0,
    0.5184695105085106,
    49.10131646025987,
    0.29883903004787116,
    -0.12582349431300166,
    2,
    3.4714397891995934,
    0.623245210494654,
    4.941242784803638,
    0.598627202979509,
    8.702523651790308,
    1,
    0.8847756860116092,
    1.8188207896004998,
    2,
    0,
    0.19055712046993145,
    89,
    37,
    30,
    0.29465212542307073,
    2.9328769988706895,
    1,
    93,
    16,
    1,
    0,
    1,
    0.38803260364477077,
    0.8651101440648401,
    0.7639687378261844,
    0.016890968304141274,
    0.45960628100998524,
    0.18956089778723734,
    -0.7254143576021173,
    0,
    85,
    27,
    83,
    28
  ],
  "genes": {
    "ma_short_period": 27,
    "ma_long_period": 83,
    "ma_type": 1,
    "stop_loss_pct": 9.533906376835763,
    "take_profit_pct": 13.900372726337853,
    "position_size_pct": 24.12552412946798,
    "macro_enabled": 0,
    "macro_weight": 0.5184695105085106,
    "macro_vix_threshold": 49.10131646025987,
    "macro_vix_position_scale": 0.29883903004787116,
    "macro_yc_threshold": -0.12582349431300166,
    "macro_yc_action": 2,
    "macro_rate_threshold": 3.4714397891995934,
    "macro_rate_position_scale": 0.623245210494654,
    "macro_cpi_threshold": 4.941242784803638,
    "macro_cpi_position_scale": 0.598627202979509,
    "macro_unemp_threshold": 8.702523651790308,
    "macro_unemp_action": 1,
    "macro_risk_stop_adj": 0.8847756860116092,
    "macro_risk_tp_adj": 1.8188207896004998,
    "macro_regime_count_req": 2,
    "ti_enabled": 0,
    "ti_weight": 0.19055712046993145,
    "ti_rsi_overbought": 89,
    "ti_rsi_oversold": 37,
    "ti_adx_threshold": 30,
    "ti_adx_position_scale": 0.29465212542307073,
    "ti_natr_threshold": 2.9328769988706895,
    "ti_natr_risk_action": 1,
    "ti_mfi_overbought": 93,
    "ti_mfi_oversold": 16,
    "ti_macdhist_confirm": 1,
    "ti_macdhist_exit_confirm": 0,
    "ensemble_enabled": 1,
    "sig_ma_weight": 0.38803260364477077,
    "sig_bb_weight": 0.8651101440648401,
    "sig_stoch_weight": 0.7639687378261844,
    "sig_macd_weight": 0.016890968304141274,
    "sig_rsi_weight": 0.45960628100998524,
    "sig_buy_threshold": 0.18956089778723734,
    "sig_sell_threshold": -0.7254143576021173,
    "sig_bb_period_idx": 0,
    "sig_stoch_ob": 85,
    "sig_stoch_os": 27,
    "sig_rsi_ob": 83,
    "sig_rsi_os": 28
  }
}