{
  "generation": 39,
  "fitness": 16.4700468845377,
  "chromosome": [
    6,
    33,
    1,
    8.742730325785747,
    3.194777589981065,
    24.959342052185885,
    1,
    0.737726819732387,
    39.13863201200678,
    0.29412058450175604,
    0.4344368101865357,
    1,
    6.582011344787233,
    0.6978734468559022,
    2.3954665091149856,
    0.31326190078484517,
    8.77722142332124,
    2,
    1.0778991200698864,
    0.8894905099688685,
    1,
    0,
    0.8680353736544103,
    79,
    24,
    39,
    0.7874669101415888,
    4.4999441210915885,
    2,
    76,
    18,
    1,
    1,
    0,
    0.4523958632381516,
    0.43018796737230147,
    0.6715163215048061,
    0.9569811037470914,
    0.2562436965621866,
    0.24157743641941384,
    -0.6051633015943926,
    2,
    70,
    20,
    63,
    30
  ],
  "genes": {
    "ma_short_period": 6,
    "ma_long_period": 33,
    "ma_type": 1,
    "stop_loss_pct": 8.742730325785747,
    "take_profit_pct": 3.194777589981065,
    "position_size_pct": 24.959342052185885,
    "macro_enabled": 1,
    "macro_weight": 0.737726819732387,
    "macro_vix_threshold": 39.13863201200678,
    "macro_vix_position_scale": 0.29412058450175604,
    "macro_yc_threshold": 0.4344368101865357,
    "macro_yc_action": 1,
    "macro_rate_threshold": 6.582011344787233,
    "macro_rate_position_scale": 0.6978734468559022,
    "macro_cpi_threshold": 2.3954665091149856,
    "macro_cpi_position_scale": 0.31326190078484517,
    "macro_unemp_threshold": 8.77722142332124,
    "macro_unemp_action": 2,
    "macro_risk_stop_adj": 1.0778991200698864,
    "macro_risk_tp_adj": 0.8894905099688685,
    "macro_regime_count_req": 1,
    "ti_enabled": 0,
    "ti_weight": 0.8680353736544103,
    "ti_rsi_overbought": 79,
    "ti_rsi_oversold": 24,
    "ti_adx_threshold": 39,
    "ti_adx_position_scale": 0.7874669101415888,
    "ti_natr_threshold": 4.4999441210915885,
    "ti_natr_risk_action": 2,
    "ti_mfi_overbought": 76,
    "ti_mfi_oversold": 18,
    "ti_macdhist_confirm": 1,
    "ti_macdhist_exit_confirm": 1,
    "ensemble_enabled": 0,
    "sig_ma_weight": 0.4523958632381516,
    "sig_bb_weight": 0.43018796737230147,
    "sig_stoch_weight": 0.6715163215048061,
    "sig_macd_weight": 0.9569811037470914,
    "sig_rsi_weight": 0.2562436965621866,
    "sig_buy_threshold": 0.24157743641941384,
    "sig_sell_threshold": -0.6051633015943926,
    "sig_bb_period_idx": 2,
    "sig_stoch_ob": 70,
    "sig_stoch_os": 20,
    "sig_rsi_ob": 63,
    "sig_rsi_os": 30
  }
}