{
  "generation": 39,
  "fitness": 27.94017225452016,
  "chromosome": [
    29,
    88,
    0,
    5.737441716058088,
    2.620675040134583,
    24.984144385916938,
    0,
    0.9691695772797535,
    18.10331742376474,
    0.21869070556006634,
    -0.9196807817711656,
    0,
    2.1931395282177544,
    0.9048665012964698,
    5.787475890991816,
    0.6396080886117372,
    8.10309631818432,
    2,
    1.493542017371836,
    1.183381721443322,
    4,
    0,
    0.957712463972001,
    66,
    34,
    17,
    0.3967697783315354,
    3.9807565868402595,
    1,
    70,
    19,
    1,
    0
  ],
  "genes": {
    "ma_short_period": 29,
    "ma_long_period": 88,
    "ma_type": 0,
    "stop_loss_pct": 5.737441716058088,
    "take_profit_pct": 2.620675040134583,
    "position_size_pct": 24.984144385916938,
    "macro_enabled": 0,
    "macro_weight": 0.9691695772797535,
    "macro_vix_threshold": 18.10331742376474,
    "macro_vix_position_scale": 0.21869070556006634,
    "macro_yc_threshold": -0.9196807817711656,
    "macro_yc_action": 0,
    "macro_rate_threshold": 2.1931395282177544,
    "macro_rate_position_scale": 0.9048665012964698,
    "macro_cpi_threshold": 5.787475890991816,
    "macro_cpi_position_scale": 0.6396080886117372,
    "macro_unemp_threshold": 8.10309631818432,
    "macro_unemp_action": 2,
    "macro_risk_stop_adj": 1.493542017371836,
    "macro_risk_tp_adj": 1.183381721443322,
    "macro_regime_count_req": 4,
    "ti_enabled": 0,
    "ti_weight": 0.957712463972001,
    "ti_rsi_overbought": 66,
    "ti_rsi_oversold": 34,
    "ti_adx_threshold": 17,
    "ti_adx_position_scale": 0.3967697783315354,
    "ti_natr_threshold": 3.9807565868402595,
    "ti_natr_risk_action": 1,
    "ti_mfi_overbought": 70,
    "ti_mfi_oversold": 19,
    "ti_macdhist_confirm": 1,
    "ti_macdhist_exit_confirm": 0
  }
}