{
  "generation": 29,
  "fitness": 33.683323105245165,
  "chromosome": [
    28,
    95,
    0,
    9.533906376835763,
    3.981575619923056,
    21.821922214185832,
    0,
    0.14701873442496938,
    35.028111636853,
    0.9811667372948627,
    -0.27284428183263,
    0,
    1.098970925370934,
    0.490881932350132,
    7.322337667309098,
    0.9395000207391835,
    5.779807906247594,
    2,
    0.9489563737707383,
    1.9096266672624702,
    2,
    0,
    0.2603550591790238,
    72,
    11,
    39,
    0.3468961515208278,
    6.69361401249703,
    1,
    71,
    11,
    1,
    0,
    1,
    0.38803260364477077,
    0.976766533887275,
    0.4330250346392709,
    0.800820166432154,
    0.001814100968362209,
    0.3197375565641526,
    -0.2320947904197036,
    0,
    90,
    21,
    66,
    25
  ],
  "genes": {
    "ma_short_period": 28,
    "ma_long_period": 95,
    "ma_type": 0,
    "stop_loss_pct": 9.533906376835763,
    "take_profit_pct": 3.981575619923056,
    "position_size_pct": 21.821922214185832,
    "macro_enabled": 0,
    "macro_weight": 0.14701873442496938,
    "macro_vix_threshold": 35.028111636853,
    "macro_vix_position_scale": 0.9811667372948627,
    "macro_yc_threshold": -0.27284428183263,
    "macro_yc_action": 0,
    "macro_rate_threshold": 1.098970925370934,
    "macro_rate_position_scale": 0.490881932350132,
    "macro_cpi_threshold": 7.322337667309098,
    "macro_cpi_position_scale": 0.9395000207391835,
    "macro_unemp_threshold": 5.779807906247594,
    "macro_unemp_action": 2,
    "macro_risk_stop_adj": 0.9489563737707383,
    "macro_risk_tp_adj": 1.9096266672624702,
    "macro_regime_count_req": 2,
    "ti_enabled": 0,
    "ti_weight": 0.2603550591790238,
    "ti_rsi_overbought": 72,
    "ti_rsi_oversold": 11,
    "ti_adx_threshold": 39,
    "ti_adx_position_scale": 0.3468961515208278,
    "ti_natr_threshold": 6.69361401249703,
    "ti_natr_risk_action": 1,
    "ti_mfi_overbought": 71,
    "ti_mfi_oversold": 11,
    "ti_macdhist_confirm": 1,
    "ti_macdhist_exit_confirm": 0,
    "ensemble_enabled": 1,
    "sig_ma_weight": 0.38803260364477077,
    "sig_bb_weight": 0.976766533887275,
    "sig_stoch_weight": 0.4330250346392709,
    "sig_macd_weight": 0.800820166432154,
    "sig_rsi_weight": 0.001814100968362209,
    "sig_buy_threshold": 0.3197375565641526,
    "sig_sell_threshold": -0.2320947904197036,
    "sig_bb_period_idx": 0,
    "sig_stoch_ob": 90,
    "sig_stoch_os": 21,
    "sig_rsi_ob": 66,
    "sig_rsi_os": 25
  }
}