{
  "generation": 19,
  "fitness": 198.4898629574296,
  "chromosome": [
    5,
    43,
    1,
    8.706269978970962,
    8.937545441969867,
    24.882473209538404,
    1,
    0.07752658314633576,
    34.53069613145076,
    0.7365965404319801,
    0.32374262390149044,
    0,
    4.2834682247889475,
    0.8552283285985347,
    7.945625418022758,
    0.33086994887257665,
    8.325075046425566,
    2,
    1.9742671603031208,
    1.8925338068383404,
    2,
    0,
    0.09340882380830562,
    72,
    19,
    35,
    0.33812165296124164,
    4.0391742026575805,
    2,
    81,
    14,
    0,
    0,
    1,
    0.41630294307489524,
    0.0670480131604545,
    0.06567288545139427,
    0.47829904493992315,
    0.3151701752990994,
    0.12189162776958436,
    -0.687029926897959,
    0,
    70,
    23,
    69,
    26
  ],
  "genes": {
    "ma_short_period": 5,
    "ma_long_period": 43,
    "ma_type": 1,
    "stop_loss_pct": 8.706269978970962,
    "take_profit_pct": 8.937545441969867,
    "position_size_pct": 24.882473209538404,
    "macro_enabled": 1,
    "macro_weight": 0.07752658314633576,
    "macro_vix_threshold": 34.53069613145076,
    "macro_vix_position_scale": 0.7365965404319801,
    "macro_yc_threshold": 0.32374262390149044,
    "macro_yc_action": 0,
    "macro_rate_threshold": 4.2834682247889475,
    "macro_rate_position_scale": 0.8552283285985347,
    "macro_cpi_threshold": 7.945625418022758,
    "macro_cpi_position_scale": 0.33086994887257665,
    "macro_unemp_threshold": 8.325075046425566,
    "macro_unemp_action": 2,
    "macro_risk_stop_adj": 1.9742671603031208,
    "macro_risk_tp_adj": 1.8925338068383404,
    "macro_regime_count_req": 2,
    "ti_enabled": 0,
    "ti_weight": 0.09340882380830562,
    "ti_rsi_overbought": 72,
    "ti_rsi_oversold": 19,
    "ti_adx_threshold": 35,
    "ti_adx_position_scale": 0.33812165296124164,
    "ti_natr_threshold": 4.0391742026575805,
    "ti_natr_risk_action": 2,
    "ti_mfi_overbought": 81,
    "ti_mfi_oversold": 14,
    "ti_macdhist_confirm": 0,
    "ti_macdhist_exit_confirm": 0,
    "ensemble_enabled": 1,
    "sig_ma_weight": 0.41630294307489524,
    "sig_bb_weight": 0.0670480131604545,
    "sig_stoch_weight": 0.06567288545139427,
    "sig_macd_weight": 0.47829904493992315,
    "sig_rsi_weight": 0.3151701752990994,
    "sig_buy_threshold": 0.12189162776958436,
    "sig_sell_threshold": -0.687029926897959,
    "sig_bb_period_idx": 0,
    "sig_stoch_ob": 70,
    "sig_stoch_os": 23,
    "sig_rsi_ob": 69,
    "sig_rsi_os": 26
  }
}