{
  "generation": 49,
  "fitness": 34.451152145945535,
  "chromosome": [
    24,
    69,
    1,
    5.731826284559273,
    3.1234888774899243,
    21.5910553750745,
    0,
    0.5884957913540748,
    43.599883597775516,
    0.5839091496523681,
    0.8938752180023513,
    2,
    5.201690098360931,
    0.5237100167313891,
    7.68803002030106,
    0.9422312291932824,
    4.539952357325554,
    0,
    0.670020961125046,
    1.5569777897244372,
    4,
    0,
    0.8683876711160535,
    86,
    25,
    39,
    0.25543559359139945,
    3.408590810079616,
    1,
    70,
    25,
    1,
    1,
    1,
    0.19128221075678065,
    0.07152628388111748,
    0.17470395240318037,
    0.32355534493595584,
    0.2542912961216084,
    0.18017018880978555,
    -0.5170579407904716,
    2,
    82,
    18,
    77,
    22
  ],
  "genes": {
    "ma_short_period": 24,
    "ma_long_period": 69,
    "ma_type": 1,
    "stop_loss_pct": 5.731826284559273,
    "take_profit_pct": 3.1234888774899243,
    "position_size_pct": 21.5910553750745,
    "macro_enabled": 0,
    "macro_weight": 0.5884957913540748,
    "macro_vix_threshold": 43.599883597775516,
    "macro_vix_position_scale": 0.5839091496523681,
    "macro_yc_threshold": 0.8938752180023513,
    "macro_yc_action": 2,
    "macro_rate_threshold": 5.201690098360931,
    "macro_rate_position_scale": 0.5237100167313891,
    "macro_cpi_threshold": 7.68803002030106,
    "macro_cpi_position_scale": 0.9422312291932824,
    "macro_unemp_threshold": 4.539952357325554,
    "macro_unemp_action": 0,
    "macro_risk_stop_adj": 0.670020961125046,
    "macro_risk_tp_adj": 1.5569777897244372,
    "macro_regime_count_req": 4,
    "ti_enabled": 0,
    "ti_weight": 0.8683876711160535,
    "ti_rsi_overbought": 86,
    "ti_rsi_oversold": 25,
    "ti_adx_threshold": 39,
    "ti_adx_position_scale": 0.25543559359139945,
    "ti_natr_threshold": 3.408590810079616,
    "ti_natr_risk_action": 1,
    "ti_mfi_overbought": 70,
    "ti_mfi_oversold": 25,
    "ti_macdhist_confirm": 1,
    "ti_macdhist_exit_confirm": 1,
    "ensemble_enabled": 1,
    "sig_ma_weight": 0.19128221075678065,
    "sig_bb_weight": 0.07152628388111748,
    "sig_stoch_weight": 0.17470395240318037,
    "sig_macd_weight": 0.32355534493595584,
    "sig_rsi_weight": 0.2542912961216084,
    "sig_buy_threshold": 0.18017018880978555,
    "sig_sell_threshold": -0.5170579407904716,
    "sig_bb_period_idx": 2,
    "sig_stoch_ob": 82,
    "sig_stoch_os": 18,
    "sig_rsi_ob": 77,
    "sig_rsi_os": 22
  }
}