{
  "generation": 2,
  "fitness": 9.968305448330486,
  "chromosome": [
    5,
    72,
    0,
    6.734020395712417,
    5.405418411646527,
    19.824618166958615,
    1,
    0.5609068647747464,
    18.915585820626724,
    0.9560407512373112,
    0.3820392475117529,
    0,
    4.819132024438656,
    0.8842165139202116,
    5.495057398938764,
    0.40366564989723785,
    4.764673115692832,
    1,
    1.0469772729908842,
    1.8996320157809812,
    1,
    1,
    0.21007653833975404,
    67,
    31,
    18,
    0.4829429076916947,
    5.359301114863218,
    1,
    89,
    28,
    0,
    0,
    0,
    0.9762060329309629,
    0.8107717199403969,
    0.8814162046633244,
    0.024786361898188725,
    0.7365644717550821,
    0.3325298275625001,
    -0.14842887976617214,
    2,
    77,
    18,
    65,
    40
  ],
  "genes": {
    "ma_short_period": 5,
    "ma_long_period": 72,
    "ma_type": 0,
    "stop_loss_pct": 6.734020395712417,
    "take_profit_pct": 5.405418411646527,
    "position_size_pct": 19.824618166958615,
    "macro_enabled": 1,
    "macro_weight": 0.5609068647747464,
    "macro_vix_threshold": 18.915585820626724,
    "macro_vix_position_scale": 0.9560407512373112,
    "macro_yc_threshold": 0.3820392475117529,
    "macro_yc_action": 0,
    "macro_rate_threshold": 4.819132024438656,
    "macro_rate_position_scale": 0.8842165139202116,
    "macro_cpi_threshold": 5.495057398938764,
    "macro_cpi_position_scale": 0.40366564989723785,
    "macro_unemp_threshold": 4.764673115692832,
    "macro_unemp_action": 1,
    "macro_risk_stop_adj": 1.0469772729908842,
    "macro_risk_tp_adj": 1.8996320157809812,
    "macro_regime_count_req": 1,
    "ti_enabled": 1,
    "ti_weight": 0.21007653833975404,
    "ti_rsi_overbought": 67,
    "ti_rsi_oversold": 31,
    "ti_adx_threshold": 18,
    "ti_adx_position_scale": 0.4829429076916947,
    "ti_natr_threshold": 5.359301114863218,
    "ti_natr_risk_action": 1,
    "ti_mfi_overbought": 89,
    "ti_mfi_oversold": 28,
    "ti_macdhist_confirm": 0,
    "ti_macdhist_exit_confirm": 0,
    "ensemble_enabled": 0,
    "sig_ma_weight": 0.9762060329309629,
    "sig_bb_weight": 0.8107717199403969,
    "sig_stoch_weight": 0.8814162046633244,
    "sig_macd_weight": 0.024786361898188725,
    "sig_rsi_weight": 0.7365644717550821,
    "sig_buy_threshold": 0.3325298275625001,
    "sig_sell_threshold": -0.14842887976617214,
    "sig_bb_period_idx": 2,
    "sig_stoch_ob": 77,
    "sig_stoch_os": 18,
    "sig_rsi_ob": 65,
    "sig_rsi_os": 40
  }
}