{
  "generation": 29,
  "fitness": 26.650233969676137,
  "chromosome": [
    25,
    49,
    1,
    7.844311380889775,
    13.54518328585041,
    24.170254909249703,
    0,
    0.7926285662324116,
    19.284366110591563,
    0.20890755649151382,
    0.7523924724336473,
    2,
    3.6201071640487577,
    0.9748138060410168,
    7.677597375518749,
    0.5789343742439286,
    8.990631330849126,
    2,
    1.4378002374515522,
    0.7864276507162244,
    3,
    0,
    0.9459497580599951,
    72,
    18,
    17,
    0.9469335873005613,
    2.1861799932842727,
    1,
    77,
    13,
    0,
    0,
    1,
    0.47050082325163356,
    0.5235848754135769,
    0.5304012743981912,
    0.041773140467925574,
    0.9496377080074417,
    0.2111004097044032,
    -0.6181248728015953,
    2,
    81,
    26,
    75,
    25
  ],
  "genes": {
    "ma_short_period": 25,
    "ma_long_period": 49,
    "ma_type": 1,
    "stop_loss_pct": 7.844311380889775,
    "take_profit_pct": 13.54518328585041,
    "position_size_pct": 24.170254909249703,
    "macro_enabled": 0,
    "macro_weight": 0.7926285662324116,
    "macro_vix_threshold": 19.284366110591563,
    "macro_vix_position_scale": 0.20890755649151382,
    "macro_yc_threshold": 0.7523924724336473,
    "macro_yc_action": 2,
    "macro_rate_threshold": 3.6201071640487577,
    "macro_rate_position_scale": 0.9748138060410168,
    "macro_cpi_threshold": 7.677597375518749,
    "macro_cpi_position_scale": 0.5789343742439286,
    "macro_unemp_threshold": 8.990631330849126,
    "macro_unemp_action": 2,
    "macro_risk_stop_adj": 1.4378002374515522,
    "macro_risk_tp_adj": 0.7864276507162244,
    "macro_regime_count_req": 3,
    "ti_enabled": 0,
    "ti_weight": 0.9459497580599951,
    "ti_rsi_overbought": 72,
    "ti_rsi_oversold": 18,
    "ti_adx_threshold": 17,
    "ti_adx_position_scale": 0.9469335873005613,
    "ti_natr_threshold": 2.1861799932842727,
    "ti_natr_risk_action": 1,
    "ti_mfi_overbought": 77,
    "ti_mfi_oversold": 13,
    "ti_macdhist_confirm": 0,
    "ti_macdhist_exit_confirm": 0,
    "ensemble_enabled": 1,
    "sig_ma_weight": 0.47050082325163356,
    "sig_bb_weight": 0.5235848754135769,
    "sig_stoch_weight": 0.5304012743981912,
    "sig_macd_weight": 0.041773140467925574,
    "sig_rsi_weight": 0.9496377080074417,
    "sig_buy_threshold": 0.2111004097044032,
    "sig_sell_threshold": -0.6181248728015953,
    "sig_bb_period_idx": 2,
    "sig_stoch_ob": 81,
    "sig_stoch_os": 26,
    "sig_rsi_ob": 75,
    "sig_rsi_os": 25
  }
}