{
  "generation": 29,
  "fitness": 34.470664824190095,
  "chromosome": [
    10,
    83,
    1,
    9.56979239154371,
    3.848217673915738,
    24.405939459095677,
    1,
    0.3861737892340201,
    32.42498807147896,
    0.48699522699925224,
    -0.08555085485909597,
    0,
    6.555849017611987,
    0.3802418221256214,
    7.795840924487625,
    0.9678442299928804,
    5.543879236139732,
    2,
    1.7261512217644632,
    1.9750789351625728,
    2,
    0,
    0.4835494832128504,
    71,
    20,
    29,
    0.9384960472994608,
    2.381388530550809,
    0,
    82,
    22,
    1,
    0,
    1,
    0.494276209954144,
    0.844757051890245,
    0.6018186646335955,
    0.16454691153717826,
    0.053645788189713106,
    0.24383842483219406,
    -0.752602462340499,
    1,
    70,
    17,
    69,
    26
  ],
  "genes": {
    "ma_short_period": 10,
    "ma_long_period": 83,
    "ma_type": 1,
    "stop_loss_pct": 9.56979239154371,
    "take_profit_pct": 3.848217673915738,
    "position_size_pct": 24.405939459095677,
    "macro_enabled": 1,
    "macro_weight": 0.3861737892340201,
    "macro_vix_threshold": 32.42498807147896,
    "macro_vix_position_scale": 0.48699522699925224,
    "macro_yc_threshold": -0.08555085485909597,
    "macro_yc_action": 0,
    "macro_rate_threshold": 6.555849017611987,
    "macro_rate_position_scale": 0.3802418221256214,
    "macro_cpi_threshold": 7.795840924487625,
    "macro_cpi_position_scale": 0.9678442299928804,
    "macro_unemp_threshold": 5.543879236139732,
    "macro_unemp_action": 2,
    "macro_risk_stop_adj": 1.7261512217644632,
    "macro_risk_tp_adj": 1.9750789351625728,
    "macro_regime_count_req": 2,
    "ti_enabled": 0,
    "ti_weight": 0.4835494832128504,
    "ti_rsi_overbought": 71,
    "ti_rsi_oversold": 20,
    "ti_adx_threshold": 29,
    "ti_adx_position_scale": 0.9384960472994608,
    "ti_natr_threshold": 2.381388530550809,
    "ti_natr_risk_action": 0,
    "ti_mfi_overbought": 82,
    "ti_mfi_oversold": 22,
    "ti_macdhist_confirm": 1,
    "ti_macdhist_exit_confirm": 0,
    "ensemble_enabled": 1,
    "sig_ma_weight": 0.494276209954144,
    "sig_bb_weight": 0.844757051890245,
    "sig_stoch_weight": 0.6018186646335955,
    "sig_macd_weight": 0.16454691153717826,
    "sig_rsi_weight": 0.053645788189713106,
    "sig_buy_threshold": 0.24383842483219406,
    "sig_sell_threshold": -0.752602462340499,
    "sig_bb_period_idx": 1,
    "sig_stoch_ob": 70,
    "sig_stoch_os": 17,
    "sig_rsi_ob": 69,
    "sig_rsi_os": 26
  }
}