{
  "generation": 19,
  "fitness": 101.5844594088627,
  "chromosome": [
    27,
    58,
    0,
    7.34029189081093,
    14.311956982957422,
    24.57274875198587,
    1,
    0.8255095808008635,
    31.55405300306078,
    0.33644235159575625,
    -0.8079235765299155,
    2,
    4.639445638043633,
    0.30686547194652924,
    5.913938267786196,
    0.45540911726062083,
    8.04018728375981,
    2,
    1.3194963602250556,
    0.8004448861927153,
    4,
    0,
    0.35808698965564534,
    64,
    25,
    36,
    0.3121458376758196,
    2.071866049769244,
    1,
    87,
    7,
    0,
    1,
    0,
    0.652144893998522,
    0.7810078131736886,
    0.44394642868351375,
    0.09326277618383594,
    0.2121454212556535,
    0.42304262417773775,
    -0.4771512333938059,
    1,
    72,
    22,
    61,
    20
  ],
  "genes": {
    "ma_short_period": 27,
    "ma_long_period": 58,
    "ma_type": 0,
    "stop_loss_pct": 7.34029189081093,
    "take_profit_pct": 14.311956982957422,
    "position_size_pct": 24.57274875198587,
    "macro_enabled": 1,
    "macro_weight": 0.8255095808008635,
    "macro_vix_threshold": 31.55405300306078,
    "macro_vix_position_scale": 0.33644235159575625,
    "macro_yc_threshold": -0.8079235765299155,
    "macro_yc_action": 2,
    "macro_rate_threshold": 4.639445638043633,
    "macro_rate_position_scale": 0.30686547194652924,
    "macro_cpi_threshold": 5.913938267786196,
    "macro_cpi_position_scale": 0.45540911726062083,
    "macro_unemp_threshold": 8.04018728375981,
    "macro_unemp_action": 2,
    "macro_risk_stop_adj": 1.3194963602250556,
    "macro_risk_tp_adj": 0.8004448861927153,
    "macro_regime_count_req": 4,
    "ti_enabled": 0,
    "ti_weight": 0.35808698965564534,
    "ti_rsi_overbought": 64,
    "ti_rsi_oversold": 25,
    "ti_adx_threshold": 36,
    "ti_adx_position_scale": 0.3121458376758196,
    "ti_natr_threshold": 2.071866049769244,
    "ti_natr_risk_action": 1,
    "ti_mfi_overbought": 87,
    "ti_mfi_oversold": 7,
    "ti_macdhist_confirm": 0,
    "ti_macdhist_exit_confirm": 1,
    "ensemble_enabled": 0,
    "sig_ma_weight": 0.652144893998522,
    "sig_bb_weight": 0.7810078131736886,
    "sig_stoch_weight": 0.44394642868351375,
    "sig_macd_weight": 0.09326277618383594,
    "sig_rsi_weight": 0.2121454212556535,
    "sig_buy_threshold": 0.42304262417773775,
    "sig_sell_threshold": -0.4771512333938059,
    "sig_bb_period_idx": 1,
    "sig_stoch_ob": 72,
    "sig_stoch_os": 22,
    "sig_rsi_ob": 61,
    "sig_rsi_os": 20
  }
}