{
  "generation": 89,
  "fitness": 28.038873137879172,
  "chromosome": [
    26,
    74,
    1,
    7.311828882170535,
    9.570413504199838,
    23.973963196998056,
    1,
    0.6923699500956928,
    26.960641703726775,
    0.4325548412689397,
    0.5600524915527587,
    0,
    5.673938483642141,
    0.9290996012656243,
    7.293477691697475,
    0.6436158089422952,
    9.265745707698365,
    0,
    0.9371758843623503,
    0.8604714350489555,
    2,
    0,
    0.5522488092834006,
    74,
    30,
    32,
    0.20685887259924263,
    3.8367165580995,
    2,
    72,
    29,
    0,
    1,
    1,
    0.9637561993308104,
    0.1828299704663754,
    0.14777247975751018,
    0.9370185387740897,
    0.1259511643628537,
    0.16454129063704231,
    -0.6870085003148552,
    0,
    86,
    18,
    72,
    35
  ],
  "genes": {
    "ma_short_period": 26,
    "ma_long_period": 74,
    "ma_type": 1,
    "stop_loss_pct": 7.311828882170535,
    "take_profit_pct": 9.570413504199838,
    "position_size_pct": 23.973963196998056,
    "macro_enabled": 1,
    "macro_weight": 0.6923699500956928,
    "macro_vix_threshold": 26.960641703726775,
    "macro_vix_position_scale": 0.4325548412689397,
    "macro_yc_threshold": 0.5600524915527587,
    "macro_yc_action": 0,
    "macro_rate_threshold": 5.673938483642141,
    "macro_rate_position_scale": 0.9290996012656243,
    "macro_cpi_threshold": 7.293477691697475,
    "macro_cpi_position_scale": 0.6436158089422952,
    "macro_unemp_threshold": 9.265745707698365,
    "macro_unemp_action": 0,
    "macro_risk_stop_adj": 0.9371758843623503,
    "macro_risk_tp_adj": 0.8604714350489555,
    "macro_regime_count_req": 2,
    "ti_enabled": 0,
    "ti_weight": 0.5522488092834006,
    "ti_rsi_overbought": 74,
    "ti_rsi_oversold": 30,
    "ti_adx_threshold": 32,
    "ti_adx_position_scale": 0.20685887259924263,
    "ti_natr_threshold": 3.8367165580995,
    "ti_natr_risk_action": 2,
    "ti_mfi_overbought": 72,
    "ti_mfi_oversold": 29,
    "ti_macdhist_confirm": 0,
    "ti_macdhist_exit_confirm": 1,
    "ensemble_enabled": 1,
    "sig_ma_weight": 0.9637561993308104,
    "sig_bb_weight": 0.1828299704663754,
    "sig_stoch_weight": 0.14777247975751018,
    "sig_macd_weight": 0.9370185387740897,
    "sig_rsi_weight": 0.1259511643628537,
    "sig_buy_threshold": 0.16454129063704231,
    "sig_sell_threshold": -0.6870085003148552,
    "sig_bb_period_idx": 0,
    "sig_stoch_ob": 86,
    "sig_stoch_os": 18,
    "sig_rsi_ob": 72,
    "sig_rsi_os": 35
  }
}