{
  "generation": 39,
  "fitness": 67.13873104850352,
  "chromosome": [
    9,
    76,
    0,
    8.88473629553854,
    13.6854352152126,
    24.84089546741436
  ],
  "genes": {
    "ma_short_period": 9,
    "ma_long_period": 76,
    "ma_type": 0,
    "stop_loss_pct": 8.88473629553854,
    "take_profit_pct": 13.6854352152126,
    "position_size_pct": 24.84089546741436
  }
}