{
  "generation": 39,
  "fitness": 165.61202583303648,
  "chromosome": [
    13,
    35,
    0,
    3.660204968595172,
    14.649660482844883,
    23.974810371110205,
    0,
    0.8310276993862545,
    26.629447400483826,
    0.5748144974151521,
    -0.9549182531468319,
    2,
    4.94217708968342,
    0.47031361471373,
    2.289465328636518,
    0.8117800346590598,
    5.312592631611583,
    2,
    1.1382557190578222,
    0.6982407289923995,
    3,
    1,
    0.3623364967489965,
    60,
    24,
    20,
    0.9829795016210687,
    4.124606990754039,
    1,
    81,
    28,
    0,
    1,
    1,
    0.7386046535089507,
    0.013918655100901178,
    0.1884804512367424,
    0.7602078953730826,
    0.22243371754566443,
    0.11679075826272321,
    -0.4226851772536058,
    0,
    79,
    23,
    73,
    17
  ],
  "genes": {
    "ma_short_period": 13,
    "ma_long_period": 35,
    "ma_type": 0,
    "stop_loss_pct": 3.660204968595172,
    "take_profit_pct": 14.649660482844883,
    "position_size_pct": 23.974810371110205,
    "macro_enabled": 0,
    "macro_weight": 0.8310276993862545,
    "macro_vix_threshold": 26.629447400483826,
    "macro_vix_position_scale": 0.5748144974151521,
    "macro_yc_threshold": -0.9549182531468319,
    "macro_yc_action": 2,
    "macro_rate_threshold": 4.94217708968342,
    "macro_rate_position_scale": 0.47031361471373,
    "macro_cpi_threshold": 2.289465328636518,
    "macro_cpi_position_scale": 0.8117800346590598,
    "macro_unemp_threshold": 5.312592631611583,
    "macro_unemp_action": 2,
    "macro_risk_stop_adj": 1.1382557190578222,
    "macro_risk_tp_adj": 0.6982407289923995,
    "macro_regime_count_req": 3,
    "ti_enabled": 1,
    "ti_weight": 0.3623364967489965,
    "ti_rsi_overbought": 60,
    "ti_rsi_oversold": 24,
    "ti_adx_threshold": 20,
    "ti_adx_position_scale": 0.9829795016210687,
    "ti_natr_threshold": 4.124606990754039,
    "ti_natr_risk_action": 1,
    "ti_mfi_overbought": 81,
    "ti_mfi_oversold": 28,
    "ti_macdhist_confirm": 0,
    "ti_macdhist_exit_confirm": 1,
    "ensemble_enabled": 1,
    "sig_ma_weight": 0.7386046535089507,
    "sig_bb_weight": 0.013918655100901178,
    "sig_stoch_weight": 0.1884804512367424,
    "sig_macd_weight": 0.7602078953730826,
    "sig_rsi_weight": 0.22243371754566443,
    "sig_buy_threshold": 0.11679075826272321,
    "sig_sell_threshold": -0.4226851772536058,
    "sig_bb_period_idx": 0,
    "sig_stoch_ob": 79,
    "sig_stoch_os": 23,
    "sig_rsi_ob": 73,
    "sig_rsi_os": 17
  }
}