{
  "generation": 29,
  "fitness": 71.70199818680409,
  "chromosome": [
    12,
    34,
    0,
    9.962633555201538,
    6.650286539341329,
    22.470232333371804,
    0,
    0.722885954368623,
    25.533245609794786,
    0.6405144703041206,
    -0.4612934991524522,
    1,
    2.8627040667510464,
    0.7705026536359807,
    6.816244194348427,
    0.787375815292781,
    9.945295530885138,
    1,
    0.8284172939657879,
    0.8114490394750762,
    1,
    0,
    0.4543692000913474,
    73,
    33,
    34,
    0.270045651331649,
    7.864705006889774,
    0,
    81,
    26,
    0,
    0,
    0,
    0.7640342577868575,
    0.10234996223502368,
    0.8050493188372386,
    0.1443989099605575,
    0.16055733602596878,
    0.15487025652088868,
    -0.46681214068036403,
    2,
    72,
    24,
    76,
    23
  ],
  "genes": {
    "ma_short_period": 12,
    "ma_long_period": 34,
    "ma_type": 0,
    "stop_loss_pct": 9.962633555201538,
    "take_profit_pct": 6.650286539341329,
    "position_size_pct": 22.470232333371804,
    "macro_enabled": 0,
    "macro_weight": 0.722885954368623,
    "macro_vix_threshold": 25.533245609794786,
    "macro_vix_position_scale": 0.6405144703041206,
    "macro_yc_threshold": -0.4612934991524522,
    "macro_yc_action": 1,
    "macro_rate_threshold": 2.8627040667510464,
    "macro_rate_position_scale": 0.7705026536359807,
    "macro_cpi_threshold": 6.816244194348427,
    "macro_cpi_position_scale": 0.787375815292781,
    "macro_unemp_threshold": 9.945295530885138,
    "macro_unemp_action": 1,
    "macro_risk_stop_adj": 0.8284172939657879,
    "macro_risk_tp_adj": 0.8114490394750762,
    "macro_regime_count_req": 1,
    "ti_enabled": 0,
    "ti_weight": 0.4543692000913474,
    "ti_rsi_overbought": 73,
    "ti_rsi_oversold": 33,
    "ti_adx_threshold": 34,
    "ti_adx_position_scale": 0.270045651331649,
    "ti_natr_threshold": 7.864705006889774,
    "ti_natr_risk_action": 0,
    "ti_mfi_overbought": 81,
    "ti_mfi_oversold": 26,
    "ti_macdhist_confirm": 0,
    "ti_macdhist_exit_confirm": 0,
    "ensemble_enabled": 0,
    "sig_ma_weight": 0.7640342577868575,
    "sig_bb_weight": 0.10234996223502368,
    "sig_stoch_weight": 0.8050493188372386,
    "sig_macd_weight": 0.1443989099605575,
    "sig_rsi_weight": 0.16055733602596878,
    "sig_buy_threshold": 0.15487025652088868,
    "sig_sell_threshold": -0.46681214068036403,
    "sig_bb_period_idx": 2,
    "sig_stoch_ob": 72,
    "sig_stoch_os": 24,
    "sig_rsi_ob": 76,
    "sig_rsi_os": 23
  }
}