{
  "generation": 29,
  "fitness": 32.02666061197252,
  "chromosome": [
    13,
    43,
    1,
    9.533906376835763,
    12.146743011012864,
    24.76955915828206,
    1,
    0.8493190421169999,
    25.57959139197988,
    0.6889228665777859,
    -0.7809769165908778,
    2,
    4.746852215265596,
    0.5688691880236856,
    6.838761435471682,
    0.9720011419728976,
    5.850120400706376,
    1,
    0.8645729932438747,
    1.3842667695729205,
    4,
    1,
    0.17622534359453945,
    86,
    18,
    25,
    0.8328964785230559,
    6.316866085502233,
    1,
    91,
    7,
    0,
    0,
    1,
    0.14836337602657457,
    0.31906841252055806,
    0.6328066883204896,
    0.5970868225204315,
    0.3523918775900772,
    0.4406465436951531,
    -0.16644039248429154,
    0,
    75,
    22,
    75,
    28
  ],
  "genes": {
    "ma_short_period": 13,
    "ma_long_period": 43,
    "ma_type": 1,
    "stop_loss_pct": 9.533906376835763,
    "take_profit_pct": 12.146743011012864,
    "position_size_pct": 24.76955915828206,
    "macro_enabled": 1,
    "macro_weight": 0.8493190421169999,
    "macro_vix_threshold": 25.57959139197988,
    "macro_vix_position_scale": 0.6889228665777859,
    "macro_yc_threshold": -0.7809769165908778,
    "macro_yc_action": 2,
    "macro_rate_threshold": 4.746852215265596,
    "macro_rate_position_scale": 0.5688691880236856,
    "macro_cpi_threshold": 6.838761435471682,
    "macro_cpi_position_scale": 0.9720011419728976,
    "macro_unemp_threshold": 5.850120400706376,
    "macro_unemp_action": 1,
    "macro_risk_stop_adj": 0.8645729932438747,
    "macro_risk_tp_adj": 1.3842667695729205,
    "macro_regime_count_req": 4,
    "ti_enabled": 1,
    "ti_weight": 0.17622534359453945,
    "ti_rsi_overbought": 86,
    "ti_rsi_oversold": 18,
    "ti_adx_threshold": 25,
    "ti_adx_position_scale": 0.8328964785230559,
    "ti_natr_threshold": 6.316866085502233,
    "ti_natr_risk_action": 1,
    "ti_mfi_overbought": 91,
    "ti_mfi_oversold": 7,
    "ti_macdhist_confirm": 0,
    "ti_macdhist_exit_confirm": 0,
    "ensemble_enabled": 1,
    "sig_ma_weight": 0.14836337602657457,
    "sig_bb_weight": 0.31906841252055806,
    "sig_stoch_weight": 0.6328066883204896,
    "sig_macd_weight": 0.5970868225204315,
    "sig_rsi_weight": 0.3523918775900772,
    "sig_buy_threshold": 0.4406465436951531,
    "sig_sell_threshold": -0.16644039248429154,
    "sig_bb_period_idx": 0,
    "sig_stoch_ob": 75,
    "sig_stoch_os": 22,
    "sig_rsi_ob": 75,
    "sig_rsi_os": 28
  }
}