{
  "generation": 9,
  "fitness": 30.334665163576624,
  "chromosome": [
    10,
    83,
    1,
    9.533906376835763,
    5.142457731008301,
    24.405939459095677,
    1,
    0.4745853289128089,
    47.37937807908966,
    0.3480699126614363,
    -0.08555085485909597,
    0,
    4.252787046479075,
    0.6916597255207787,
    5.2457443552827545,
    0.6235485628652004,
    6.116270016041385,
    2,
    1.469841738977518,
    1.5379457700292625,
    4,
    0,
    0.5830237024133574,
    71,
    25,
    18,
    0.623009510345629,
    6.131546851417037,
    1,
    79,
    7,
    0,
    0,
    1,
    0.27283708149799246,
    0.362293857600389,
    0.785804595980518,
    0.945595399048908,
    0.6482853387092417,
    0.1895416914402256,
    -0.7747474709944729,
    1,
    83,
    17,
    69,
    26
  ],
  "genes": {
    "ma_short_period": 10,
    "ma_long_period": 83,
    "ma_type": 1,
    "stop_loss_pct": 9.533906376835763,
    "take_profit_pct": 5.142457731008301,
    "position_size_pct": 24.405939459095677,
    "macro_enabled": 1,
    "macro_weight": 0.4745853289128089,
    "macro_vix_threshold": 47.37937807908966,
    "macro_vix_position_scale": 0.3480699126614363,
    "macro_yc_threshold": -0.08555085485909597,
    "macro_yc_action": 0,
    "macro_rate_threshold": 4.252787046479075,
    "macro_rate_position_scale": 0.6916597255207787,
    "macro_cpi_threshold": 5.2457443552827545,
    "macro_cpi_position_scale": 0.6235485628652004,
    "macro_unemp_threshold": 6.116270016041385,
    "macro_unemp_action": 2,
    "macro_risk_stop_adj": 1.469841738977518,
    "macro_risk_tp_adj": 1.5379457700292625,
    "macro_regime_count_req": 4,
    "ti_enabled": 0,
    "ti_weight": 0.5830237024133574,
    "ti_rsi_overbought": 71,
    "ti_rsi_oversold": 25,
    "ti_adx_threshold": 18,
    "ti_adx_position_scale": 0.623009510345629,
    "ti_natr_threshold": 6.131546851417037,
    "ti_natr_risk_action": 1,
    "ti_mfi_overbought": 79,
    "ti_mfi_oversold": 7,
    "ti_macdhist_confirm": 0,
    "ti_macdhist_exit_confirm": 0,
    "ensemble_enabled": 1,
    "sig_ma_weight": 0.27283708149799246,
    "sig_bb_weight": 0.362293857600389,
    "sig_stoch_weight": 0.785804595980518,
    "sig_macd_weight": 0.945595399048908,
    "sig_rsi_weight": 0.6482853387092417,
    "sig_buy_threshold": 0.1895416914402256,
    "sig_sell_threshold": -0.7747474709944729,
    "sig_bb_period_idx": 1,
    "sig_stoch_ob": 83,
    "sig_stoch_os": 17,
    "sig_rsi_ob": 69,
    "sig_rsi_os": 26
  }
}