{
  "generation": 29,
  "fitness": 27.845800773122892,
  "chromosome": [
    29,
    88,
    0,
    5.737441716058088,
    2.620675040134583,
    24.817467164935433,
    1,
    0.9954281143362393,
    46.78850508177728,
    0.22306948817814415,
    0.7841639483343541,
    2,
    2.1931395282177544,
    0.97251647018861,
    6.723183256833108,
    0.818131186898652,
    7.483239922155714,
    0,
    1.3389143196612072,
    1.4969758211849014,
    4,
    0,
    0.1757230988180557,
    71,
    35,
    35,
    0.7338971486799923,
    5.150161657347161,
    0,
    83,
    18,
    1,
    0
  ],
  "genes": {
    "ma_short_period": 29,
    "ma_long_period": 88,
    "ma_type": 0,
    "stop_loss_pct": 5.737441716058088,
    "take_profit_pct": 2.620675040134583,
    "position_size_pct": 24.817467164935433,
    "macro_enabled": 1,
    "macro_weight": 0.9954281143362393,
    "macro_vix_threshold": 46.78850508177728,
    "macro_vix_position_scale": 0.22306948817814415,
    "macro_yc_threshold": 0.7841639483343541,
    "macro_yc_action": 2,
    "macro_rate_threshold": 2.1931395282177544,
    "macro_rate_position_scale": 0.97251647018861,
    "macro_cpi_threshold": 6.723183256833108,
    "macro_cpi_position_scale": 0.818131186898652,
    "macro_unemp_threshold": 7.483239922155714,
    "macro_unemp_action": 0,
    "macro_risk_stop_adj": 1.3389143196612072,
    "macro_risk_tp_adj": 1.4969758211849014,
    "macro_regime_count_req": 4,
    "ti_enabled": 0,
    "ti_weight": 0.1757230988180557,
    "ti_rsi_overbought": 71,
    "ti_rsi_oversold": 35,
    "ti_adx_threshold": 35,
    "ti_adx_position_scale": 0.7338971486799923,
    "ti_natr_threshold": 5.150161657347161,
    "ti_natr_risk_action": 0,
    "ti_mfi_overbought": 83,
    "ti_mfi_oversold": 18,
    "ti_macdhist_confirm": 1,
    "ti_macdhist_exit_confirm": 0
  }
}