{
  "generation": 9,
  "fitness": 22.796536826789026,
  "chromosome": [
    29,
    81,
    0,
    7.571708050507369,
    13.391358188259494,
    24.37450443493391,
    0,
    0.694619438494801,
    48.62576475091767,
    0.9966690972192385,
    -0.9896095552599398,
    2,
    1.0198488603601144,
    0.5951779113677211,
    5.277985440900222,
    0.5564492240613794,
    5.096507767225891,
    2,
    0.5119641497474874,
    1.5664750679239785,
    4,
    1,
    0.47873719604077725,
    75,
    37,
    15,
    0.5626974738377142,
    6.772648737816079,
    2,
    79,
    19,
    1,
    0
  ],
  "genes": {
    "ma_short_period": 29,
    "ma_long_period": 81,
    "ma_type": 0,
    "stop_loss_pct": 7.571708050507369,
    "take_profit_pct": 13.391358188259494,
    "position_size_pct": 24.37450443493391,
    "macro_enabled": 0,
    "macro_weight": 0.694619438494801,
    "macro_vix_threshold": 48.62576475091767,
    "macro_vix_position_scale": 0.9966690972192385,
    "macro_yc_threshold": -0.9896095552599398,
    "macro_yc_action": 2,
    "macro_rate_threshold": 1.0198488603601144,
    "macro_rate_position_scale": 0.5951779113677211,
    "macro_cpi_threshold": 5.277985440900222,
    "macro_cpi_position_scale": 0.5564492240613794,
    "macro_unemp_threshold": 5.096507767225891,
    "macro_unemp_action": 2,
    "macro_risk_stop_adj": 0.5119641497474874,
    "macro_risk_tp_adj": 1.5664750679239785,
    "macro_regime_count_req": 4,
    "ti_enabled": 1,
    "ti_weight": 0.47873719604077725,
    "ti_rsi_overbought": 75,
    "ti_rsi_oversold": 37,
    "ti_adx_threshold": 15,
    "ti_adx_position_scale": 0.5626974738377142,
    "ti_natr_threshold": 6.772648737816079,
    "ti_natr_risk_action": 2,
    "ti_mfi_overbought": 79,
    "ti_mfi_oversold": 19,
    "ti_macdhist_confirm": 1,
    "ti_macdhist_exit_confirm": 0
  }
}