{
  "generation": 29,
  "fitness": 31.12704703940574,
  "chromosome": [
    25,
    63,
    0,
    8.434321472255494,
    12.19118471038315,
    21.247045171322423,
    0,
    0.558260651869573,
    15.562615245766295,
    0.293623675622679,
    -0.30629372912337227,
    0,
    3.6850207347322157,
    0.9828153280940706,
    3.8543974860367407,
    0.3586656031749782,
    6.1890321465575315,
    2,
    1.4608137915259878,
    1.2810712590997746,
    3,
    0,
    0.24899687357888356,
    77,
    20,
    22,
    0.40375284051171073,
    3.4684417596413857,
    1,
    71,
    8,
    0,
    0,
    1,
    0.4999963314126812,
    0.45525294552649964,
    0.6745503024484367,
    0.8442487533162046,
    0.8560851725386665,
    0.25908796430000414,
    -0.13767058280531042,
    0,
    72,
    12,
    84,
    16
  ],
  "genes": {
    "ma_short_period": 25,
    "ma_long_period": 63,
    "ma_type": 0,
    "stop_loss_pct": 8.434321472255494,
    "take_profit_pct": 12.19118471038315,
    "position_size_pct": 21.247045171322423,
    "macro_enabled": 0,
    "macro_weight": 0.558260651869573,
    "macro_vix_threshold": 15.562615245766295,
    "macro_vix_position_scale": 0.293623675622679,
    "macro_yc_threshold": -0.30629372912337227,
    "macro_yc_action": 0,
    "macro_rate_threshold": 3.6850207347322157,
    "macro_rate_position_scale": 0.9828153280940706,
    "macro_cpi_threshold": 3.8543974860367407,
    "macro_cpi_position_scale": 0.3586656031749782,
    "macro_unemp_threshold": 6.1890321465575315,
    "macro_unemp_action": 2,
    "macro_risk_stop_adj": 1.4608137915259878,
    "macro_risk_tp_adj": 1.2810712590997746,
    "macro_regime_count_req": 3,
    "ti_enabled": 0,
    "ti_weight": 0.24899687357888356,
    "ti_rsi_overbought": 77,
    "ti_rsi_oversold": 20,
    "ti_adx_threshold": 22,
    "ti_adx_position_scale": 0.40375284051171073,
    "ti_natr_threshold": 3.4684417596413857,
    "ti_natr_risk_action": 1,
    "ti_mfi_overbought": 71,
    "ti_mfi_oversold": 8,
    "ti_macdhist_confirm": 0,
    "ti_macdhist_exit_confirm": 0,
    "ensemble_enabled": 1,
    "sig_ma_weight": 0.4999963314126812,
    "sig_bb_weight": 0.45525294552649964,
    "sig_stoch_weight": 0.6745503024484367,
    "sig_macd_weight": 0.8442487533162046,
    "sig_rsi_weight": 0.8560851725386665,
    "sig_buy_threshold": 0.25908796430000414,
    "sig_sell_threshold": -0.13767058280531042,
    "sig_bb_period_idx": 0,
    "sig_stoch_ob": 72,
    "sig_stoch_os": 12,
    "sig_rsi_ob": 84,
    "sig_rsi_os": 16
  }
}