{
  "generation": 29,
  "fitness": 89.74850595611449,
  "chromosome": [
    15,
    84,
    1,
    9.197547963943894,
    10.401602549551205,
    24.9907950417131,
    0,
    0.23996143384167223,
    35.01411522040142,
    0.34300161306305343,
    0.7604537603109025,
    1,
    4.950314501124229,
    0.5185683681405506,
    2.7792648642248796,
    0.8883865619359905,
    5.067888371722624,
    2,
    0.7810973550905419,
    1.7701262238205013,
    1,
    0,
    0.513213963006767,
    73,
    33,
    33,
    0.993375739042434,
    2.3077489122823125,
    2,
    84,
    24,
    0,
    0
  ],
  "genes": {
    "ma_short_period": 15,
    "ma_long_period": 84,
    "ma_type": 1,
    "stop_loss_pct": 9.197547963943894,
    "take_profit_pct": 10.401602549551205,
    "position_size_pct": 24.9907950417131,
    "macro_enabled": 0,
    "macro_weight": 0.23996143384167223,
    "macro_vix_threshold": 35.01411522040142,
    "macro_vix_position_scale": 0.34300161306305343,
    "macro_yc_threshold": 0.7604537603109025,
    "macro_yc_action": 1,
    "macro_rate_threshold": 4.950314501124229,
    "macro_rate_position_scale": 0.5185683681405506,
    "macro_cpi_threshold": 2.7792648642248796,
    "macro_cpi_position_scale": 0.8883865619359905,
    "macro_unemp_threshold": 5.067888371722624,
    "macro_unemp_action": 2,
    "macro_risk_stop_adj": 0.7810973550905419,
    "macro_risk_tp_adj": 1.7701262238205013,
    "macro_regime_count_req": 1,
    "ti_enabled": 0,
    "ti_weight": 0.513213963006767,
    "ti_rsi_overbought": 73,
    "ti_rsi_oversold": 33,
    "ti_adx_threshold": 33,
    "ti_adx_position_scale": 0.993375739042434,
    "ti_natr_threshold": 2.3077489122823125,
    "ti_natr_risk_action": 2,
    "ti_mfi_overbought": 84,
    "ti_mfi_oversold": 24,
    "ti_macdhist_confirm": 0,
    "ti_macdhist_exit_confirm": 0
  }
}