{
  "generation": 39,
  "fitness": 42.67630911887412,
  "chromosome": [
    21,
    75,
    1,
    9.499454371375716,
    9.472333680641785,
    24.12552412946798,
    1,
    0.4521117233471965,
    19.50295120950279,
    0.5360531109127988,
    -0.5736497362710409,
    2,
    4.897857954640017,
    0.9350733351997744,
    4.181543447950367,
    0.5785999855305494,
    5.129508156641177,
    1,
    1.8197466983195711,
    1.8797643449329815,
    2,
    0,
    0.7530966850949065,
    65,
    40,
    35,
    0.8127356439549527,
    2.1470124125696595,
    2,
    90,
    8,
    1,
    0,
    1,
    0.46693591868394324,
    0.8167145075913922,
    0.9144412967755882,
    0.6730948348872027,
    0.010485003116225355,
    0.47438405904270153,
    -0.3510040774628522,
    1,
    77,
    26,
    76,
    34
  ],
  "genes": {
    "ma_short_period": 21,
    "ma_long_period": 75,
    "ma_type": 1,
    "stop_loss_pct": 9.499454371375716,
    "take_profit_pct": 9.472333680641785,
    "position_size_pct": 24.12552412946798,
    "macro_enabled": 1,
    "macro_weight": 0.4521117233471965,
    "macro_vix_threshold": 19.50295120950279,
    "macro_vix_position_scale": 0.5360531109127988,
    "macro_yc_threshold": -0.5736497362710409,
    "macro_yc_action": 2,
    "macro_rate_threshold": 4.897857954640017,
    "macro_rate_position_scale": 0.9350733351997744,
    "macro_cpi_threshold": 4.181543447950367,
    "macro_cpi_position_scale": 0.5785999855305494,
    "macro_unemp_threshold": 5.129508156641177,
    "macro_unemp_action": 1,
    "macro_risk_stop_adj": 1.8197466983195711,
    "macro_risk_tp_adj": 1.8797643449329815,
    "macro_regime_count_req": 2,
    "ti_enabled": 0,
    "ti_weight": 0.7530966850949065,
    "ti_rsi_overbought": 65,
    "ti_rsi_oversold": 40,
    "ti_adx_threshold": 35,
    "ti_adx_position_scale": 0.8127356439549527,
    "ti_natr_threshold": 2.1470124125696595,
    "ti_natr_risk_action": 2,
    "ti_mfi_overbought": 90,
    "ti_mfi_oversold": 8,
    "ti_macdhist_confirm": 1,
    "ti_macdhist_exit_confirm": 0,
    "ensemble_enabled": 1,
    "sig_ma_weight": 0.46693591868394324,
    "sig_bb_weight": 0.8167145075913922,
    "sig_stoch_weight": 0.9144412967755882,
    "sig_macd_weight": 0.6730948348872027,
    "sig_rsi_weight": 0.010485003116225355,
    "sig_buy_threshold": 0.47438405904270153,
    "sig_sell_threshold": -0.3510040774628522,
    "sig_bb_period_idx": 1,
    "sig_stoch_ob": 77,
    "sig_stoch_os": 26,
    "sig_rsi_ob": 76,
    "sig_rsi_os": 34
  }
}