{
  "generation": 19,
  "fitness": 23.303790702951034,
  "chromosome": [
    14,
    84,
    1,
    5.565940717796494,
    13.39655230005525,
    24.913716004640175,
    1,
    0.4423611058420067,
    20.08480791094911,
    0.6224104000759252,
    -0.4571807358169919,
    1,
    3.4779685649863428,
    0.9060384502259673,
    2.400147732707482,
    0.8988151353141682,
    8.210312834648766,
    2,
    1.1547401687998062,
    0.8033830827562256,
    2,
    0,
    0.45459788887561425,
    62,
    30,
    34,
    0.7534621293887582,
    5.809938411359457,
    0,
    83,
    19,
    1,
    1
  ],
  "genes": {
    "ma_short_period": 14,
    "ma_long_period": 84,
    "ma_type": 1,
    "stop_loss_pct": 5.565940717796494,
    "take_profit_pct": 13.39655230005525,
    "position_size_pct": 24.913716004640175,
    "macro_enabled": 1,
    "macro_weight": 0.4423611058420067,
    "macro_vix_threshold": 20.08480791094911,
    "macro_vix_position_scale": 0.6224104000759252,
    "macro_yc_threshold": -0.4571807358169919,
    "macro_yc_action": 1,
    "macro_rate_threshold": 3.4779685649863428,
    "macro_rate_position_scale": 0.9060384502259673,
    "macro_cpi_threshold": 2.400147732707482,
    "macro_cpi_position_scale": 0.8988151353141682,
    "macro_unemp_threshold": 8.210312834648766,
    "macro_unemp_action": 2,
    "macro_risk_stop_adj": 1.1547401687998062,
    "macro_risk_tp_adj": 0.8033830827562256,
    "macro_regime_count_req": 2,
    "ti_enabled": 0,
    "ti_weight": 0.45459788887561425,
    "ti_rsi_overbought": 62,
    "ti_rsi_oversold": 30,
    "ti_adx_threshold": 34,
    "ti_adx_position_scale": 0.7534621293887582,
    "ti_natr_threshold": 5.809938411359457,
    "ti_natr_risk_action": 0,
    "ti_mfi_overbought": 83,
    "ti_mfi_oversold": 19,
    "ti_macdhist_confirm": 1,
    "ti_macdhist_exit_confirm": 1
  }
}