{
  "generation": 9,
  "fitness": 82.03043641977268,
  "chromosome": [
    15,
    83,
    1,
    9.197547963943894,
    10.624037191452075,
    24.09628814127717,
    1,
    0.8336930832963215,
    35.08693068172198,
    0.4443041954554883,
    0.03662545594419919,
    2,
    2.0042145662024597,
    0.5609696450953081,
    2.7792648642248796,
    0.39099449201040576,
    5.587876751740044,
    2,
    0.7355856400713157,
    1.9150310017668275,
    2,
    1,
    0.09760431025246297,
    85,
    35,
    16,
    0.21151096776861103,
    7.896881632010726,
    0,
    74,
    12,
    1,
    1
  ],
  "genes": {
    "ma_short_period": 15,
    "ma_long_period": 83,
    "ma_type": 1,
    "stop_loss_pct": 9.197547963943894,
    "take_profit_pct": 10.624037191452075,
    "position_size_pct": 24.09628814127717,
    "macro_enabled": 1,
    "macro_weight": 0.8336930832963215,
    "macro_vix_threshold": 35.08693068172198,
    "macro_vix_position_scale": 0.4443041954554883,
    "macro_yc_threshold": 0.03662545594419919,
    "macro_yc_action": 2,
    "macro_rate_threshold": 2.0042145662024597,
    "macro_rate_position_scale": 0.5609696450953081,
    "macro_cpi_threshold": 2.7792648642248796,
    "macro_cpi_position_scale": 0.39099449201040576,
    "macro_unemp_threshold": 5.587876751740044,
    "macro_unemp_action": 2,
    "macro_risk_stop_adj": 0.7355856400713157,
    "macro_risk_tp_adj": 1.9150310017668275,
    "macro_regime_count_req": 2,
    "ti_enabled": 1,
    "ti_weight": 0.09760431025246297,
    "ti_rsi_overbought": 85,
    "ti_rsi_oversold": 35,
    "ti_adx_threshold": 16,
    "ti_adx_position_scale": 0.21151096776861103,
    "ti_natr_threshold": 7.896881632010726,
    "ti_natr_risk_action": 0,
    "ti_mfi_overbought": 74,
    "ti_mfi_oversold": 12,
    "ti_macdhist_confirm": 1,
    "ti_macdhist_exit_confirm": 1
  }
}