{
  "generation": 139,
  "fitness": 19.245174362076412,
  "chromosome": [
    22,
    46,
    1,
    9.40613787251539,
    8.572110118778886,
    24.76955915828206,
    0,
    0.8296277419401434,
    35.06637721436316,
    0.34744123046271114,
    -0.13656899776724174,
    2,
    3.46865432936084,
    0.33907940840198136,
    2.1890921535304333,
    0.324601112216328,
    6.976559790714731,
    0,
    1.6257934597894983,
    1.4693016496343678,
    3,
    0,
    0.7274999106973967,
    67,
    31,
    21,
    0.8045200992685766,
    6.403539003838487,
    1,
    83,
    26,
    1,
    0,
    1,
    0.028009961959248098,
    0.0029442284142159325,
    0.9449771269952278,
    0.7885624114923905,
    0.08620094847912763,
    0.17447879259036903,
    -0.6329825935529907,
    0,
    79,
    28,
    84,
    23
  ],
  "genes": {
    "ma_short_period": 22,
    "ma_long_period": 46,
    "ma_type": 1,
    "stop_loss_pct": 9.40613787251539,
    "take_profit_pct": 8.572110118778886,
    "position_size_pct": 24.76955915828206,
    "macro_enabled": 0,
    "macro_weight": 0.8296277419401434,
    "macro_vix_threshold": 35.06637721436316,
    "macro_vix_position_scale": 0.34744123046271114,
    "macro_yc_threshold": -0.13656899776724174,
    "macro_yc_action": 2,
    "macro_rate_threshold": 3.46865432936084,
    "macro_rate_position_scale": 0.33907940840198136,
    "macro_cpi_threshold": 2.1890921535304333,
    "macro_cpi_position_scale": 0.324601112216328,
    "macro_unemp_threshold": 6.976559790714731,
    "macro_unemp_action": 0,
    "macro_risk_stop_adj": 1.6257934597894983,
    "macro_risk_tp_adj": 1.4693016496343678,
    "macro_regime_count_req": 3,
    "ti_enabled": 0,
    "ti_weight": 0.7274999106973967,
    "ti_rsi_overbought": 67,
    "ti_rsi_oversold": 31,
    "ti_adx_threshold": 21,
    "ti_adx_position_scale": 0.8045200992685766,
    "ti_natr_threshold": 6.403539003838487,
    "ti_natr_risk_action": 1,
    "ti_mfi_overbought": 83,
    "ti_mfi_oversold": 26,
    "ti_macdhist_confirm": 1,
    "ti_macdhist_exit_confirm": 0,
    "ensemble_enabled": 1,
    "sig_ma_weight": 0.028009961959248098,
    "sig_bb_weight": 0.0029442284142159325,
    "sig_stoch_weight": 0.9449771269952278,
    "sig_macd_weight": 0.7885624114923905,
    "sig_rsi_weight": 0.08620094847912763,
    "sig_buy_threshold": 0.17447879259036903,
    "sig_sell_threshold": -0.6329825935529907,
    "sig_bb_period_idx": 0,
    "sig_stoch_ob": 79,
    "sig_stoch_os": 28,
    "sig_rsi_ob": 84,
    "sig_rsi_os": 23
  }
}