{
  "generation": 9,
  "fitness": 30.535215853581384,
  "chromosome": [
    5,
    71,
    1,
    9.122464737399532,
    7.962567874339611,
    21.705798555542486,
    0,
    0.18836008124000791,
    26.438821893539654,
    0.21421068033994164,
    0.06941984865830553,
    2,
    6.751797810725987,
    0.8297934165839855,
    2.8395770514585017,
    0.671816422704132,
    7.395568371495621,
    0,
    0.8599637759780174,
    1.6881901099464192,
    3,
    1,
    0.8102415336863661,
    63,
    36,
    28,
    0.5454783569916357,
    6.672710841065589,
    1,
    79,
    25,
    0,
    0,
    1,
    0.24130889312332304,
    0.42895626447712065,
    0.8764947843421105,
    0.9027042421705866,
    0.7396552889765946,
    0.5575701916660506,
    -0.39843513796747654,
    2,
    81,
    25,
    71,
    39
  ],
  "genes": {
    "ma_short_period": 5,
    "ma_long_period": 71,
    "ma_type": 1,
    "stop_loss_pct": 9.122464737399532,
    "take_profit_pct": 7.962567874339611,
    "position_size_pct": 21.705798555542486,
    "macro_enabled": 0,
    "macro_weight": 0.18836008124000791,
    "macro_vix_threshold": 26.438821893539654,
    "macro_vix_position_scale": 0.21421068033994164,
    "macro_yc_threshold": 0.06941984865830553,
    "macro_yc_action": 2,
    "macro_rate_threshold": 6.751797810725987,
    "macro_rate_position_scale": 0.8297934165839855,
    "macro_cpi_threshold": 2.8395770514585017,
    "macro_cpi_position_scale": 0.671816422704132,
    "macro_unemp_threshold": 7.395568371495621,
    "macro_unemp_action": 0,
    "macro_risk_stop_adj": 0.8599637759780174,
    "macro_risk_tp_adj": 1.6881901099464192,
    "macro_regime_count_req": 3,
    "ti_enabled": 1,
    "ti_weight": 0.8102415336863661,
    "ti_rsi_overbought": 63,
    "ti_rsi_oversold": 36,
    "ti_adx_threshold": 28,
    "ti_adx_position_scale": 0.5454783569916357,
    "ti_natr_threshold": 6.672710841065589,
    "ti_natr_risk_action": 1,
    "ti_mfi_overbought": 79,
    "ti_mfi_oversold": 25,
    "ti_macdhist_confirm": 0,
    "ti_macdhist_exit_confirm": 0,
    "ensemble_enabled": 1,
    "sig_ma_weight": 0.24130889312332304,
    "sig_bb_weight": 0.42895626447712065,
    "sig_stoch_weight": 0.8764947843421105,
    "sig_macd_weight": 0.9027042421705866,
    "sig_rsi_weight": 0.7396552889765946,
    "sig_buy_threshold": 0.5575701916660506,
    "sig_sell_threshold": -0.39843513796747654,
    "sig_bb_period_idx": 2,
    "sig_stoch_ob": 81,
    "sig_stoch_os": 25,
    "sig_rsi_ob": 71,
    "sig_rsi_os": 39
  }
}