{
  "generation": 189,
  "fitness": 22.210003101738998,
  "chromosome": [
    19,
    38,
    0,
    9.40613787251539,
    13.259302359897141,
    24.76955915828206,
    0,
    0.8296277419401434,
    31.48821208146772,
    0.7975309956750776,
    -0.4508081154473711,
    2,
    2.1078515948967733,
    0.3131151013120735,
    3.159213065690162,
    0.7848502753991062,
    6.976559790714731,
    0,
    1.6257934597894983,
    1.1989914392605105,
    1,
    0,
    0.0755596634780481,
    74,
    24,
    29,
    0.8045200992685766,
    2.0440094204780968,
    1,
    80,
    28,
    1,
    0,
    1,
    0.6162957678346787,
    0.0029442284142159325,
    0.9449771269952278,
    0.7885624114923905,
    0.08620094847912763,
    0.17447879259036903,
    -0.6756600757902513,
    1,
    88,
    30,
    68,
    27
  ],
  "genes": {
    "ma_short_period": 19,
    "ma_long_period": 38,
    "ma_type": 0,
    "stop_loss_pct": 9.40613787251539,
    "take_profit_pct": 13.259302359897141,
    "position_size_pct": 24.76955915828206,
    "macro_enabled": 0,
    "macro_weight": 0.8296277419401434,
    "macro_vix_threshold": 31.48821208146772,
    "macro_vix_position_scale": 0.7975309956750776,
    "macro_yc_threshold": -0.4508081154473711,
    "macro_yc_action": 2,
    "macro_rate_threshold": 2.1078515948967733,
    "macro_rate_position_scale": 0.3131151013120735,
    "macro_cpi_threshold": 3.159213065690162,
    "macro_cpi_position_scale": 0.7848502753991062,
    "macro_unemp_threshold": 6.976559790714731,
    "macro_unemp_action": 0,
    "macro_risk_stop_adj": 1.6257934597894983,
    "macro_risk_tp_adj": 1.1989914392605105,
    "macro_regime_count_req": 1,
    "ti_enabled": 0,
    "ti_weight": 0.0755596634780481,
    "ti_rsi_overbought": 74,
    "ti_rsi_oversold": 24,
    "ti_adx_threshold": 29,
    "ti_adx_position_scale": 0.8045200992685766,
    "ti_natr_threshold": 2.0440094204780968,
    "ti_natr_risk_action": 1,
    "ti_mfi_overbought": 80,
    "ti_mfi_oversold": 28,
    "ti_macdhist_confirm": 1,
    "ti_macdhist_exit_confirm": 0,
    "ensemble_enabled": 1,
    "sig_ma_weight": 0.6162957678346787,
    "sig_bb_weight": 0.0029442284142159325,
    "sig_stoch_weight": 0.9449771269952278,
    "sig_macd_weight": 0.7885624114923905,
    "sig_rsi_weight": 0.08620094847912763,
    "sig_buy_threshold": 0.17447879259036903,
    "sig_sell_threshold": -0.6756600757902513,
    "sig_bb_period_idx": 1,
    "sig_stoch_ob": 88,
    "sig_stoch_os": 30,
    "sig_rsi_ob": 68,
    "sig_rsi_os": 27
  }
}