{
  "generation": 9,
  "fitness": 58.69113572422201,
  "chromosome": [
    20,
    49,
    0,
    3.670370429451078,
    4.071451354603856,
    16.583605816325125,
    0,
    0.7479755603790641,
    17.000784551761907,
    0.5145937472906379,
    0.005700765839027122,
    2,
    1.3537828323952432,
    0.9725452322921153,
    2.480668791443521,
    0.4300774726865062,
    7.570210638700166,
    2,
    1.7927288029551942,
    1.105663326977416,
    2,
    0,
    0.6193815103321031,
    72,
    27,
    32,
    0.5090790599838229,
    3.8982190758603625,
    1,
    76,
    26,
    1,
    0,
    1,
    0.3957858467912545,
    0.1442673593689343,
    0.2999970797987622,
    0.31617719627185403,
    0.03891396624622023,
    0.15078018014521014,
    -0.4792001341669897,
    2,
    86,
    29,
    72,
    21
  ],
  "genes": {
    "ma_short_period": 20,
    "ma_long_period": 49,
    "ma_type": 0,
    "stop_loss_pct": 3.670370429451078,
    "take_profit_pct": 4.071451354603856,
    "position_size_pct": 16.583605816325125,
    "macro_enabled": 0,
    "macro_weight": 0.7479755603790641,
    "macro_vix_threshold": 17.000784551761907,
    "macro_vix_position_scale": 0.5145937472906379,
    "macro_yc_threshold": 0.005700765839027122,
    "macro_yc_action": 2,
    "macro_rate_threshold": 1.3537828323952432,
    "macro_rate_position_scale": 0.9725452322921153,
    "macro_cpi_threshold": 2.480668791443521,
    "macro_cpi_position_scale": 0.4300774726865062,
    "macro_unemp_threshold": 7.570210638700166,
    "macro_unemp_action": 2,
    "macro_risk_stop_adj": 1.7927288029551942,
    "macro_risk_tp_adj": 1.105663326977416,
    "macro_regime_count_req": 2,
    "ti_enabled": 0,
    "ti_weight": 0.6193815103321031,
    "ti_rsi_overbought": 72,
    "ti_rsi_oversold": 27,
    "ti_adx_threshold": 32,
    "ti_adx_position_scale": 0.5090790599838229,
    "ti_natr_threshold": 3.8982190758603625,
    "ti_natr_risk_action": 1,
    "ti_mfi_overbought": 76,
    "ti_mfi_oversold": 26,
    "ti_macdhist_confirm": 1,
    "ti_macdhist_exit_confirm": 0,
    "ensemble_enabled": 1,
    "sig_ma_weight": 0.3957858467912545,
    "sig_bb_weight": 0.1442673593689343,
    "sig_stoch_weight": 0.2999970797987622,
    "sig_macd_weight": 0.31617719627185403,
    "sig_rsi_weight": 0.03891396624622023,
    "sig_buy_threshold": 0.15078018014521014,
    "sig_sell_threshold": -0.4792001341669897,
    "sig_bb_period_idx": 2,
    "sig_stoch_ob": 86,
    "sig_stoch_os": 29,
    "sig_rsi_ob": 72,
    "sig_rsi_os": 21
  }
}