{
  "generation": 29,
  "fitness": 23.50055232394656,
  "chromosome": [
    14,
    84,
    1,
    5.565940717796494,
    12.078679139319858,
    24.913716004640175,
    0,
    0.1452068676456999,
    37.34324275457767,
    0.8076897652288411,
    0.12344287975874946,
    1,
    6.597999505870943,
    0.6094939093754064,
    2.5945667198811897,
    0.7052537767765776,
    8.210312834648766,
    1,
    1.517577454612586,
    1.3915057414517829,
    2,
    1,
    0.45459788887561425,
    62,
    36,
    27,
    0.22131092476049272,
    5.634450363083613,
    0,
    83,
    26,
    1,
    0
  ],
  "genes": {
    "ma_short_period": 14,
    "ma_long_period": 84,
    "ma_type": 1,
    "stop_loss_pct": 5.565940717796494,
    "take_profit_pct": 12.078679139319858,
    "position_size_pct": 24.913716004640175,
    "macro_enabled": 0,
    "macro_weight": 0.1452068676456999,
    "macro_vix_threshold": 37.34324275457767,
    "macro_vix_position_scale": 0.8076897652288411,
    "macro_yc_threshold": 0.12344287975874946,
    "macro_yc_action": 1,
    "macro_rate_threshold": 6.597999505870943,
    "macro_rate_position_scale": 0.6094939093754064,
    "macro_cpi_threshold": 2.5945667198811897,
    "macro_cpi_position_scale": 0.7052537767765776,
    "macro_unemp_threshold": 8.210312834648766,
    "macro_unemp_action": 1,
    "macro_risk_stop_adj": 1.517577454612586,
    "macro_risk_tp_adj": 1.3915057414517829,
    "macro_regime_count_req": 2,
    "ti_enabled": 1,
    "ti_weight": 0.45459788887561425,
    "ti_rsi_overbought": 62,
    "ti_rsi_oversold": 36,
    "ti_adx_threshold": 27,
    "ti_adx_position_scale": 0.22131092476049272,
    "ti_natr_threshold": 5.634450363083613,
    "ti_natr_risk_action": 0,
    "ti_mfi_overbought": 83,
    "ti_mfi_oversold": 26,
    "ti_macdhist_confirm": 1,
    "ti_macdhist_exit_confirm": 0
  }
}