{
  "generation": 9,
  "fitness": 24.881256544018704,
  "chromosome": [
    25,
    33,
    0,
    9.729311283461197,
    13.35689583904614,
    21.09860384080078,
    0,
    0.945190703813769,
    15.097267953619864,
    0.21990608988574847,
    0.22688541747982138,
    1,
    3.2966421325232798,
    0.7494006904501327,
    4.34616957363652,
    0.44876159794448117,
    9.083649088809715,
    0,
    0.658651796646921,
    1.7378261383592286,
    4,
    0,
    0.49922058522089185,
    80,
    12,
    38,
    0.4642450852665519,
    4.284903346984821,
    2,
    72,
    5,
    1,
    1,
    1,
    0.7475383272214301,
    0.19829914559832884,
    0.7414093453895273,
    0.9397786999257585,
    0.18140555821256865,
    0.10976114501078994,
    -0.6643197597951289,
    1,
    74,
    22,
    79,
    36
  ],
  "genes": {
    "ma_short_period": 25,
    "ma_long_period": 33,
    "ma_type": 0,
    "stop_loss_pct": 9.729311283461197,
    "take_profit_pct": 13.35689583904614,
    "position_size_pct": 21.09860384080078,
    "macro_enabled": 0,
    "macro_weight": 0.945190703813769,
    "macro_vix_threshold": 15.097267953619864,
    "macro_vix_position_scale": 0.21990608988574847,
    "macro_yc_threshold": 0.22688541747982138,
    "macro_yc_action": 1,
    "macro_rate_threshold": 3.2966421325232798,
    "macro_rate_position_scale": 0.7494006904501327,
    "macro_cpi_threshold": 4.34616957363652,
    "macro_cpi_position_scale": 0.44876159794448117,
    "macro_unemp_threshold": 9.083649088809715,
    "macro_unemp_action": 0,
    "macro_risk_stop_adj": 0.658651796646921,
    "macro_risk_tp_adj": 1.7378261383592286,
    "macro_regime_count_req": 4,
    "ti_enabled": 0,
    "ti_weight": 0.49922058522089185,
    "ti_rsi_overbought": 80,
    "ti_rsi_oversold": 12,
    "ti_adx_threshold": 38,
    "ti_adx_position_scale": 0.4642450852665519,
    "ti_natr_threshold": 4.284903346984821,
    "ti_natr_risk_action": 2,
    "ti_mfi_overbought": 72,
    "ti_mfi_oversold": 5,
    "ti_macdhist_confirm": 1,
    "ti_macdhist_exit_confirm": 1,
    "ensemble_enabled": 1,
    "sig_ma_weight": 0.7475383272214301,
    "sig_bb_weight": 0.19829914559832884,
    "sig_stoch_weight": 0.7414093453895273,
    "sig_macd_weight": 0.9397786999257585,
    "sig_rsi_weight": 0.18140555821256865,
    "sig_buy_threshold": 0.10976114501078994,
    "sig_sell_threshold": -0.6643197597951289,
    "sig_bb_period_idx": 1,
    "sig_stoch_ob": 74,
    "sig_stoch_os": 22,
    "sig_rsi_ob": 79,
    "sig_rsi_os": 36
  }
}