{
  "generation": 19,
  "fitness": 33.89844284011546,
  "chromosome": [
    10,
    70,
    0,
    7.159115436049945,
    6.383300324700877,
    22.7748835849889,
    1,
    0.5884957913540748,
    32.37796827270516,
    0.5537073250004645,
    -0.255256955898455,
    2,
    4.652239890336079,
    0.9498154885482617,
    6.460479705134636,
    0.6747586559712454,
    5.014483242612322,
    2,
    1.7844637744207341,
    1.8445273156661353,
    3,
    0,
    0.5898541734202738,
    88,
    14,
    34,
    0.3357731500347366,
    4.633039172806928,
    0,
    90,
    10,
    0,
    1,
    1,
    0.3324776319322261,
    0.6065258979259119,
    0.831140816729484,
    0.5193651550348968,
    0.6918618900630183,
    0.15999511828794197,
    -0.7518468962363042,
    2,
    86,
    21,
    73,
    17
  ],
  "genes": {
    "ma_short_period": 10,
    "ma_long_period": 70,
    "ma_type": 0,
    "stop_loss_pct": 7.159115436049945,
    "take_profit_pct": 6.383300324700877,
    "position_size_pct": 22.7748835849889,
    "macro_enabled": 1,
    "macro_weight": 0.5884957913540748,
    "macro_vix_threshold": 32.37796827270516,
    "macro_vix_position_scale": 0.5537073250004645,
    "macro_yc_threshold": -0.255256955898455,
    "macro_yc_action": 2,
    "macro_rate_threshold": 4.652239890336079,
    "macro_rate_position_scale": 0.9498154885482617,
    "macro_cpi_threshold": 6.460479705134636,
    "macro_cpi_position_scale": 0.6747586559712454,
    "macro_unemp_threshold": 5.014483242612322,
    "macro_unemp_action": 2,
    "macro_risk_stop_adj": 1.7844637744207341,
    "macro_risk_tp_adj": 1.8445273156661353,
    "macro_regime_count_req": 3,
    "ti_enabled": 0,
    "ti_weight": 0.5898541734202738,
    "ti_rsi_overbought": 88,
    "ti_rsi_oversold": 14,
    "ti_adx_threshold": 34,
    "ti_adx_position_scale": 0.3357731500347366,
    "ti_natr_threshold": 4.633039172806928,
    "ti_natr_risk_action": 0,
    "ti_mfi_overbought": 90,
    "ti_mfi_oversold": 10,
    "ti_macdhist_confirm": 0,
    "ti_macdhist_exit_confirm": 1,
    "ensemble_enabled": 1,
    "sig_ma_weight": 0.3324776319322261,
    "sig_bb_weight": 0.6065258979259119,
    "sig_stoch_weight": 0.831140816729484,
    "sig_macd_weight": 0.5193651550348968,
    "sig_rsi_weight": 0.6918618900630183,
    "sig_buy_threshold": 0.15999511828794197,
    "sig_sell_threshold": -0.7518468962363042,
    "sig_bb_period_idx": 2,
    "sig_stoch_ob": 86,
    "sig_stoch_os": 21,
    "sig_rsi_ob": 73,
    "sig_rsi_os": 17
  }
}