{
  "generation": 9,
  "fitness": 401.1029008865795,
  "chromosome": [
    27,
    40,
    1,
    3.889654615940925,
    11.23515376784744,
    23.00093670194183,
    1,
    0.41386956786213647,
    34.85045536235269,
    0.8266892227874298,
    -0.43437333029361436,
    1,
    1.1045692297865808,
    0.44146888955941566,
    7.929149049505251,
    0.7054262035713793,
    7.899019915475636,
    0,
    1.2455550429685236,
    1.4049066432873731,
    1,
    0,
    0.056879579728684515,
    85,
    12,
    21,
    0.7860951501508835,
    6.884157305326812,
    1,
    82,
    11,
    1,
    0,
    1,
    0.2373873554699708,
    0.9580328640931856,
    0.35513897858473564,
    0.3438161030069524,
    0.2506707026409115,
    0.2569714083752959,
    -0.7834146673954502,
    2,
    80,
    17,
    81,
    40
  ],
  "genes": {
    "ma_short_period": 27,
    "ma_long_period": 40,
    "ma_type": 1,
    "stop_loss_pct": 3.889654615940925,
    "take_profit_pct": 11.23515376784744,
    "position_size_pct": 23.00093670194183,
    "macro_enabled": 1,
    "macro_weight": 0.41386956786213647,
    "macro_vix_threshold": 34.85045536235269,
    "macro_vix_position_scale": 0.8266892227874298,
    "macro_yc_threshold": -0.43437333029361436,
    "macro_yc_action": 1,
    "macro_rate_threshold": 1.1045692297865808,
    "macro_rate_position_scale": 0.44146888955941566,
    "macro_cpi_threshold": 7.929149049505251,
    "macro_cpi_position_scale": 0.7054262035713793,
    "macro_unemp_threshold": 7.899019915475636,
    "macro_unemp_action": 0,
    "macro_risk_stop_adj": 1.2455550429685236,
    "macro_risk_tp_adj": 1.4049066432873731,
    "macro_regime_count_req": 1,
    "ti_enabled": 0,
    "ti_weight": 0.056879579728684515,
    "ti_rsi_overbought": 85,
    "ti_rsi_oversold": 12,
    "ti_adx_threshold": 21,
    "ti_adx_position_scale": 0.7860951501508835,
    "ti_natr_threshold": 6.884157305326812,
    "ti_natr_risk_action": 1,
    "ti_mfi_overbought": 82,
    "ti_mfi_oversold": 11,
    "ti_macdhist_confirm": 1,
    "ti_macdhist_exit_confirm": 0,
    "ensemble_enabled": 1,
    "sig_ma_weight": 0.2373873554699708,
    "sig_bb_weight": 0.9580328640931856,
    "sig_stoch_weight": 0.35513897858473564,
    "sig_macd_weight": 0.3438161030069524,
    "sig_rsi_weight": 0.2506707026409115,
    "sig_buy_threshold": 0.2569714083752959,
    "sig_sell_threshold": -0.7834146673954502,
    "sig_bb_period_idx": 2,
    "sig_stoch_ob": 80,
    "sig_stoch_os": 17,
    "sig_rsi_ob": 81,
    "sig_rsi_os": 40
  }
}