{
  "generation": 19,
  "fitness": 43.087926071948175,
  "chromosome": [
    16,
    74,
    1,
    8.972762678604127,
    10.168181390953352,
    23.568305048978416,
    1,
    0.3747159665136204,
    22.013933463578734,
    0.8480562591182708,
    0.4527799195312754,
    2,
    5.183559695041607,
    0.6593617909182462,
    3.4364889863616073,
    0.991514636857646,
    8.38118972745305,
    2,
    0.5425699428212574,
    0.7244193246461932,
    2,
    0,
    0.7180910325264191,
    84,
    29,
    38,
    0.4674403535737901,
    6.651192524161344,
    1,
    82,
    21,
    0,
    1
  ],
  "genes": {
    "ma_short_period": 16,
    "ma_long_period": 74,
    "ma_type": 1,
    "stop_loss_pct": 8.972762678604127,
    "take_profit_pct": 10.168181390953352,
    "position_size_pct": 23.568305048978416,
    "macro_enabled": 1,
    "macro_weight": 0.3747159665136204,
    "macro_vix_threshold": 22.013933463578734,
    "macro_vix_position_scale": 0.8480562591182708,
    "macro_yc_threshold": 0.4527799195312754,
    "macro_yc_action": 2,
    "macro_rate_threshold": 5.183559695041607,
    "macro_rate_position_scale": 0.6593617909182462,
    "macro_cpi_threshold": 3.4364889863616073,
    "macro_cpi_position_scale": 0.991514636857646,
    "macro_unemp_threshold": 8.38118972745305,
    "macro_unemp_action": 2,
    "macro_risk_stop_adj": 0.5425699428212574,
    "macro_risk_tp_adj": 0.7244193246461932,
    "macro_regime_count_req": 2,
    "ti_enabled": 0,
    "ti_weight": 0.7180910325264191,
    "ti_rsi_overbought": 84,
    "ti_rsi_oversold": 29,
    "ti_adx_threshold": 38,
    "ti_adx_position_scale": 0.4674403535737901,
    "ti_natr_threshold": 6.651192524161344,
    "ti_natr_risk_action": 1,
    "ti_mfi_overbought": 82,
    "ti_mfi_oversold": 21,
    "ti_macdhist_confirm": 0,
    "ti_macdhist_exit_confirm": 1
  }
}