{
  "generation": 19,
  "fitness": 146.06358866997562,
  "chromosome": [
    13,
    35,
    0,
    6.848529873213454,
    13.576902215826806,
    16.47824610384113,
    1,
    0.8310276993862545,
    33.7759136839252,
    0.2830522511927163,
    0.27418642835287055,
    2,
    4.94217708968342,
    0.4097698296622459,
    6.070947595885123,
    0.8122982888335595,
    7.3208377300614975,
    2,
    1.236285646814087,
    1.032553716019616,
    1,
    1,
    0.3623364967489965,
    62,
    19,
    23,
    0.9829795016210687,
    4.124606990754039,
    1,
    84,
    28,
    0,
    1,
    1,
    0.7386046535089507,
    0.013918655100901178,
    0.2000628717200581,
    0.7602078953730826,
    0.22243371754566443,
    0.11679075826272321,
    -0.13425000652910435,
    0,
    81,
    24,
    62,
    34
  ],
  "genes": {
    "ma_short_period": 13,
    "ma_long_period": 35,
    "ma_type": 0,
    "stop_loss_pct": 6.848529873213454,
    "take_profit_pct": 13.576902215826806,
    "position_size_pct": 16.47824610384113,
    "macro_enabled": 1,
    "macro_weight": 0.8310276993862545,
    "macro_vix_threshold": 33.7759136839252,
    "macro_vix_position_scale": 0.2830522511927163,
    "macro_yc_threshold": 0.27418642835287055,
    "macro_yc_action": 2,
    "macro_rate_threshold": 4.94217708968342,
    "macro_rate_position_scale": 0.4097698296622459,
    "macro_cpi_threshold": 6.070947595885123,
    "macro_cpi_position_scale": 0.8122982888335595,
    "macro_unemp_threshold": 7.3208377300614975,
    "macro_unemp_action": 2,
    "macro_risk_stop_adj": 1.236285646814087,
    "macro_risk_tp_adj": 1.032553716019616,
    "macro_regime_count_req": 1,
    "ti_enabled": 1,
    "ti_weight": 0.3623364967489965,
    "ti_rsi_overbought": 62,
    "ti_rsi_oversold": 19,
    "ti_adx_threshold": 23,
    "ti_adx_position_scale": 0.9829795016210687,
    "ti_natr_threshold": 4.124606990754039,
    "ti_natr_risk_action": 1,
    "ti_mfi_overbought": 84,
    "ti_mfi_oversold": 28,
    "ti_macdhist_confirm": 0,
    "ti_macdhist_exit_confirm": 1,
    "ensemble_enabled": 1,
    "sig_ma_weight": 0.7386046535089507,
    "sig_bb_weight": 0.013918655100901178,
    "sig_stoch_weight": 0.2000628717200581,
    "sig_macd_weight": 0.7602078953730826,
    "sig_rsi_weight": 0.22243371754566443,
    "sig_buy_threshold": 0.11679075826272321,
    "sig_sell_threshold": -0.13425000652910435,
    "sig_bb_period_idx": 0,
    "sig_stoch_ob": 81,
    "sig_stoch_os": 24,
    "sig_rsi_ob": 62,
    "sig_rsi_os": 34
  }
}