{
  "generation": 69,
  "fitness": 79.49519154360038,
  "chromosome": [
    6,
    69,
    1,
    6.373846602845833,
    10.284852536352417,
    24.960091109816336,
    0,
    0.6510440923610721,
    26.95527764824292,
    0.33880517207411237,
    -0.2936175180814604,
    0,
    6.390974821116968,
    0.3985446240071421,
    5.9473565808769875,
    0.4615869962820076,
    9.685029394465737,
    1,
    1.7864067673990913,
    1.8774986998663845,
    1,
    0,
    0.8038342017132974,
    76,
    36,
    16,
    0.49591781424520054,
    5.824528103807511,
    0,
    78,
    16,
    1,
    0,
    1,
    0.4802945479186713,
    0.2393337127421339,
    0.1441915612835769,
    0.7885624114923905,
    0.06840864230154353,
    0.16447298173030309,
    -0.6834843031619895,
    0,
    81,
    10,
    78,
    23
  ],
  "genes": {
    "ma_short_period": 6,
    "ma_long_period": 69,
    "ma_type": 1,
    "stop_loss_pct": 6.373846602845833,
    "take_profit_pct": 10.284852536352417,
    "position_size_pct": 24.960091109816336,
    "macro_enabled": 0,
    "macro_weight": 0.6510440923610721,
    "macro_vix_threshold": 26.95527764824292,
    "macro_vix_position_scale": 0.33880517207411237,
    "macro_yc_threshold": -0.2936175180814604,
    "macro_yc_action": 0,
    "macro_rate_threshold": 6.390974821116968,
    "macro_rate_position_scale": 0.3985446240071421,
    "macro_cpi_threshold": 5.9473565808769875,
    "macro_cpi_position_scale": 0.4615869962820076,
    "macro_unemp_threshold": 9.685029394465737,
    "macro_unemp_action": 1,
    "macro_risk_stop_adj": 1.7864067673990913,
    "macro_risk_tp_adj": 1.8774986998663845,
    "macro_regime_count_req": 1,
    "ti_enabled": 0,
    "ti_weight": 0.8038342017132974,
    "ti_rsi_overbought": 76,
    "ti_rsi_oversold": 36,
    "ti_adx_threshold": 16,
    "ti_adx_position_scale": 0.49591781424520054,
    "ti_natr_threshold": 5.824528103807511,
    "ti_natr_risk_action": 0,
    "ti_mfi_overbought": 78,
    "ti_mfi_oversold": 16,
    "ti_macdhist_confirm": 1,
    "ti_macdhist_exit_confirm": 0,
    "ensemble_enabled": 1,
    "sig_ma_weight": 0.4802945479186713,
    "sig_bb_weight": 0.2393337127421339,
    "sig_stoch_weight": 0.1441915612835769,
    "sig_macd_weight": 0.7885624114923905,
    "sig_rsi_weight": 0.06840864230154353,
    "sig_buy_threshold": 0.16447298173030309,
    "sig_sell_threshold": -0.6834843031619895,
    "sig_bb_period_idx": 0,
    "sig_stoch_ob": 81,
    "sig_stoch_os": 10,
    "sig_rsi_ob": 78,
    "sig_rsi_os": 23
  }
}