{
  "generation": 19,
  "fitness": 65.69445578050242,
  "chromosome": [
    16,
    85,
    0,
    3.6489299758962006,
    12.531226941601272,
    24.486652812486724,
    1,
    0.7355564194200308,
    16.19493514572622,
    0.9334969680972405,
    0.43785005030901947,
    1,
    7.560168496797283,
    0.7384333172531823,
    5.562387598484001,
    0.46123386456011334,
    4.88733590836268,
    1,
    1.4362596392341906,
    0.90860299066909,
    4,
    1,
    0.8930441652835878,
    83,
    17,
    31,
    0.9445162262608888,
    2.7298477595348385,
    0,
    72,
    9,
    1,
    0
  ],
  "genes": {
    "ma_short_period": 16,
    "ma_long_period": 85,
    "ma_type": 0,
    "stop_loss_pct": 3.6489299758962006,
    "take_profit_pct": 12.531226941601272,
    "position_size_pct": 24.486652812486724,
    "macro_enabled": 1,
    "macro_weight": 0.7355564194200308,
    "macro_vix_threshold": 16.19493514572622,
    "macro_vix_position_scale": 0.9334969680972405,
    "macro_yc_threshold": 0.43785005030901947,
    "macro_yc_action": 1,
    "macro_rate_threshold": 7.560168496797283,
    "macro_rate_position_scale": 0.7384333172531823,
    "macro_cpi_threshold": 5.562387598484001,
    "macro_cpi_position_scale": 0.46123386456011334,
    "macro_unemp_threshold": 4.88733590836268,
    "macro_unemp_action": 1,
    "macro_risk_stop_adj": 1.4362596392341906,
    "macro_risk_tp_adj": 0.90860299066909,
    "macro_regime_count_req": 4,
    "ti_enabled": 1,
    "ti_weight": 0.8930441652835878,
    "ti_rsi_overbought": 83,
    "ti_rsi_oversold": 17,
    "ti_adx_threshold": 31,
    "ti_adx_position_scale": 0.9445162262608888,
    "ti_natr_threshold": 2.7298477595348385,
    "ti_natr_risk_action": 0,
    "ti_mfi_overbought": 72,
    "ti_mfi_oversold": 9,
    "ti_macdhist_confirm": 1,
    "ti_macdhist_exit_confirm": 0
  }
}