{
  "generation": 9,
  "fitness": 68.60376150192941,
  "chromosome": [
    13,
    90,
    1,
    6.400918938660302,
    13.143593944064605,
    24.269493756618004,
    1,
    0.486993937766118,
    38.18396640396311,
    0.49865025575623706,
    0.27159798890996534,
    2,
    7.897161008248614,
    0.8113299774466407,
    4.501741543132149,
    0.8452803166205256,
    4.006006351678537,
    0,
    1.0260199651804427,
    0.8451720965629521,
    3,
    1,
    0.6559880487385996,
    67,
    39,
    28,
    0.7261663480960383,
    6.112662316767908,
    0,
    77,
    6,
    0,
    1
  ],
  "genes": {
    "ma_short_period": 13,
    "ma_long_period": 90,
    "ma_type": 1,
    "stop_loss_pct": 6.400918938660302,
    "take_profit_pct": 13.143593944064605,
    "position_size_pct": 24.269493756618004,
    "macro_enabled": 1,
    "macro_weight": 0.486993937766118,
    "macro_vix_threshold": 38.18396640396311,
    "macro_vix_position_scale": 0.49865025575623706,
    "macro_yc_threshold": 0.27159798890996534,
    "macro_yc_action": 2,
    "macro_rate_threshold": 7.897161008248614,
    "macro_rate_position_scale": 0.8113299774466407,
    "macro_cpi_threshold": 4.501741543132149,
    "macro_cpi_position_scale": 0.8452803166205256,
    "macro_unemp_threshold": 4.006006351678537,
    "macro_unemp_action": 0,
    "macro_risk_stop_adj": 1.0260199651804427,
    "macro_risk_tp_adj": 0.8451720965629521,
    "macro_regime_count_req": 3,
    "ti_enabled": 1,
    "ti_weight": 0.6559880487385996,
    "ti_rsi_overbought": 67,
    "ti_rsi_oversold": 39,
    "ti_adx_threshold": 28,
    "ti_adx_position_scale": 0.7261663480960383,
    "ti_natr_threshold": 6.112662316767908,
    "ti_natr_risk_action": 0,
    "ti_mfi_overbought": 77,
    "ti_mfi_oversold": 6,
    "ti_macdhist_confirm": 0,
    "ti_macdhist_exit_confirm": 1
  }
}