{
  "generation": 19,
  "fitness": 56.16909553368079,
  "chromosome": [
    10,
    64,
    1,
    8.459262798096262,
    13.35689583904614,
    24.960091109816336,
    1,
    0.8992155091529668,
    25.282262301356212,
    0.6512607585848176,
    0.8684961546971819,
    1,
    1.7252039614724337,
    0.896502262141325,
    2.36592175089727,
    0.48312749866444904,
    7.291647595461331,
    0,
    0.5680773971686237,
    1.724323610230978,
    1,
    0,
    0.8892655911627241,
    75,
    24,
    38,
    0.5267199238765456,
    7.556800572269859,
    2,
    95,
    13,
    0,
    0,
    1,
    0.8672609666898103,
    0.08692311510575645,
    0.1441915612835769,
    0.7885624114923905,
    0.16584355203215828,
    0.17447879259036903,
    -0.42581251886166854,
    0,
    90,
    12,
    75,
    35
  ],
  "genes": {
    "ma_short_period": 10,
    "ma_long_period": 64,
    "ma_type": 1,
    "stop_loss_pct": 8.459262798096262,
    "take_profit_pct": 13.35689583904614,
    "position_size_pct": 24.960091109816336,
    "macro_enabled": 1,
    "macro_weight": 0.8992155091529668,
    "macro_vix_threshold": 25.282262301356212,
    "macro_vix_position_scale": 0.6512607585848176,
    "macro_yc_threshold": 0.8684961546971819,
    "macro_yc_action": 1,
    "macro_rate_threshold": 1.7252039614724337,
    "macro_rate_position_scale": 0.896502262141325,
    "macro_cpi_threshold": 2.36592175089727,
    "macro_cpi_position_scale": 0.48312749866444904,
    "macro_unemp_threshold": 7.291647595461331,
    "macro_unemp_action": 0,
    "macro_risk_stop_adj": 0.5680773971686237,
    "macro_risk_tp_adj": 1.724323610230978,
    "macro_regime_count_req": 1,
    "ti_enabled": 0,
    "ti_weight": 0.8892655911627241,
    "ti_rsi_overbought": 75,
    "ti_rsi_oversold": 24,
    "ti_adx_threshold": 38,
    "ti_adx_position_scale": 0.5267199238765456,
    "ti_natr_threshold": 7.556800572269859,
    "ti_natr_risk_action": 2,
    "ti_mfi_overbought": 95,
    "ti_mfi_oversold": 13,
    "ti_macdhist_confirm": 0,
    "ti_macdhist_exit_confirm": 0,
    "ensemble_enabled": 1,
    "sig_ma_weight": 0.8672609666898103,
    "sig_bb_weight": 0.08692311510575645,
    "sig_stoch_weight": 0.1441915612835769,
    "sig_macd_weight": 0.7885624114923905,
    "sig_rsi_weight": 0.16584355203215828,
    "sig_buy_threshold": 0.17447879259036903,
    "sig_sell_threshold": -0.42581251886166854,
    "sig_bb_period_idx": 0,
    "sig_stoch_ob": 90,
    "sig_stoch_os": 12,
    "sig_rsi_ob": 75,
    "sig_rsi_os": 35
  }
}