{
  "generation": 9,
  "fitness": 125.3845295050802,
  "chromosome": [
    13,
    33,
    0,
    8.706269978970962,
    8.937545441969867,
    20.738167168013227,
    1,
    0.2723374479505859,
    43.1103770685242,
    0.6759134481111594,
    0.32374262390149044,
    0,
    4.2834682247889475,
    0.507695477846195,
    2.031171334220181,
    0.34927169072717085,
    7.253171208245646,
    2,
    1.5889362676755483,
    1.999861742763814,
    4,
    0,
    0.6060107555576683,
    72,
    19,
    35,
    0.9793270079724536,
    2.3148326926237424,
    0,
    82,
    8,
    0,
    1,
    1,
    0.41630294307489524,
    0.0670480131604545,
    0.5227827155319589,
    0.9347062577364272,
    0.6940451718408454,
    0.12189162776958436,
    -0.6658683518385328,
    1,
    74,
    30,
    79,
    29
  ],
  "genes": {
    "ma_short_period": 13,
    "ma_long_period": 33,
    "ma_type": 0,
    "stop_loss_pct": 8.706269978970962,
    "take_profit_pct": 8.937545441969867,
    "position_size_pct": 20.738167168013227,
    "macro_enabled": 1,
    "macro_weight": 0.2723374479505859,
    "macro_vix_threshold": 43.1103770685242,
    "macro_vix_position_scale": 0.6759134481111594,
    "macro_yc_threshold": 0.32374262390149044,
    "macro_yc_action": 0,
    "macro_rate_threshold": 4.2834682247889475,
    "macro_rate_position_scale": 0.507695477846195,
    "macro_cpi_threshold": 2.031171334220181,
    "macro_cpi_position_scale": 0.34927169072717085,
    "macro_unemp_threshold": 7.253171208245646,
    "macro_unemp_action": 2,
    "macro_risk_stop_adj": 1.5889362676755483,
    "macro_risk_tp_adj": 1.999861742763814,
    "macro_regime_count_req": 4,
    "ti_enabled": 0,
    "ti_weight": 0.6060107555576683,
    "ti_rsi_overbought": 72,
    "ti_rsi_oversold": 19,
    "ti_adx_threshold": 35,
    "ti_adx_position_scale": 0.9793270079724536,
    "ti_natr_threshold": 2.3148326926237424,
    "ti_natr_risk_action": 0,
    "ti_mfi_overbought": 82,
    "ti_mfi_oversold": 8,
    "ti_macdhist_confirm": 0,
    "ti_macdhist_exit_confirm": 1,
    "ensemble_enabled": 1,
    "sig_ma_weight": 0.41630294307489524,
    "sig_bb_weight": 0.0670480131604545,
    "sig_stoch_weight": 0.5227827155319589,
    "sig_macd_weight": 0.9347062577364272,
    "sig_rsi_weight": 0.6940451718408454,
    "sig_buy_threshold": 0.12189162776958436,
    "sig_sell_threshold": -0.6658683518385328,
    "sig_bb_period_idx": 1,
    "sig_stoch_ob": 74,
    "sig_stoch_os": 30,
    "sig_rsi_ob": 79,
    "sig_rsi_os": 29
  }
}