{
  "generation": 9,
  "fitness": 34.610030844629435,
  "chromosome": [
    8,
    67,
    1,
    8.473272172338527,
    13.54518328585041,
    22.38917589695389,
    1,
    0.1669356375182679,
    33.02139822647571,
    0.4076995845649445,
    -0.15528262623596545,
    2,
    3.6201071640487577,
    0.8933670243217431,
    7.384557924779456,
    0.7703228973754271,
    5.920836149553571,
    0,
    1.8524123275438118,
    1.6081226347467719,
    4,
    0,
    0.5563707356153501,
    87,
    35,
    36,
    0.7861264820959144,
    6.020079588393775,
    1,
    93,
    13,
    1,
    0,
    1,
    0.649404760103875,
    0.4385870410257746,
    0.6563946289111506,
    0.2127388056720061,
    0.5278444344308569,
    0.3081439729430186,
    -0.40510806320328757,
    2,
    88,
    26,
    85,
    25
  ],
  "genes": {
    "ma_short_period": 8,
    "ma_long_period": 67,
    "ma_type": 1,
    "stop_loss_pct": 8.473272172338527,
    "take_profit_pct": 13.54518328585041,
    "position_size_pct": 22.38917589695389,
    "macro_enabled": 1,
    "macro_weight": 0.1669356375182679,
    "macro_vix_threshold": 33.02139822647571,
    "macro_vix_position_scale": 0.4076995845649445,
    "macro_yc_threshold": -0.15528262623596545,
    "macro_yc_action": 2,
    "macro_rate_threshold": 3.6201071640487577,
    "macro_rate_position_scale": 0.8933670243217431,
    "macro_cpi_threshold": 7.384557924779456,
    "macro_cpi_position_scale": 0.7703228973754271,
    "macro_unemp_threshold": 5.920836149553571,
    "macro_unemp_action": 0,
    "macro_risk_stop_adj": 1.8524123275438118,
    "macro_risk_tp_adj": 1.6081226347467719,
    "macro_regime_count_req": 4,
    "ti_enabled": 0,
    "ti_weight": 0.5563707356153501,
    "ti_rsi_overbought": 87,
    "ti_rsi_oversold": 35,
    "ti_adx_threshold": 36,
    "ti_adx_position_scale": 0.7861264820959144,
    "ti_natr_threshold": 6.020079588393775,
    "ti_natr_risk_action": 1,
    "ti_mfi_overbought": 93,
    "ti_mfi_oversold": 13,
    "ti_macdhist_confirm": 1,
    "ti_macdhist_exit_confirm": 0,
    "ensemble_enabled": 1,
    "sig_ma_weight": 0.649404760103875,
    "sig_bb_weight": 0.4385870410257746,
    "sig_stoch_weight": 0.6563946289111506,
    "sig_macd_weight": 0.2127388056720061,
    "sig_rsi_weight": 0.5278444344308569,
    "sig_buy_threshold": 0.3081439729430186,
    "sig_sell_threshold": -0.40510806320328757,
    "sig_bb_period_idx": 2,
    "sig_stoch_ob": 88,
    "sig_stoch_os": 26,
    "sig_rsi_ob": 85,
    "sig_rsi_os": 25
  }
}