{
  "generation": 29,
  "fitness": 140.34131044902054,
  "chromosome": [
    16,
    84,
    0,
    3.983478914138676,
    13.627427454964472,
    24.448555047510304,
    0,
    0.24082448467190953,
    44.41490361828001,
    0.7029083404394905,
    0.654430530059777,
    2,
    7.194137225732279,
    0.6523955691492827,
    3.7258196525497516,
    0.986192373622192,
    5.565803322016663,
    2,
    1.8528742042895008,
    1.7976156192938775,
    1,
    1,
    0.652144893998522,
    85,
    28,
    36,
    0.7112161695465822,
    3.911357598315809,
    1,
    85,
    28,
    1,
    0
  ],
  "genes": {
    "ma_short_period": 16,
    "ma_long_period": 84,
    "ma_type": 0,
    "stop_loss_pct": 3.983478914138676,
    "take_profit_pct": 13.627427454964472,
    "position_size_pct": 24.448555047510304,
    "macro_enabled": 0,
    "macro_weight": 0.24082448467190953,
    "macro_vix_threshold": 44.41490361828001,
    "macro_vix_position_scale": 0.7029083404394905,
    "macro_yc_threshold": 0.654430530059777,
    "macro_yc_action": 2,
    "macro_rate_threshold": 7.194137225732279,
    "macro_rate_position_scale": 0.6523955691492827,
    "macro_cpi_threshold": 3.7258196525497516,
    "macro_cpi_position_scale": 0.986192373622192,
    "macro_unemp_threshold": 5.565803322016663,
    "macro_unemp_action": 2,
    "macro_risk_stop_adj": 1.8528742042895008,
    "macro_risk_tp_adj": 1.7976156192938775,
    "macro_regime_count_req": 1,
    "ti_enabled": 1,
    "ti_weight": 0.652144893998522,
    "ti_rsi_overbought": 85,
    "ti_rsi_oversold": 28,
    "ti_adx_threshold": 36,
    "ti_adx_position_scale": 0.7112161695465822,
    "ti_natr_threshold": 3.911357598315809,
    "ti_natr_risk_action": 1,
    "ti_mfi_overbought": 85,
    "ti_mfi_oversold": 28,
    "ti_macdhist_confirm": 1,
    "ti_macdhist_exit_confirm": 0
  }
}