{
  "generation": 19,
  "fitness": 29.846333500807027,
  "chromosome": [
    24,
    81,
    0,
    9.580576460113253,
    4.739579690273528,
    24.373300560582017,
    0,
    0.7733865864407564,
    23.564583282826113,
    0.22977531216298194,
    -0.5527551780033613,
    2,
    6.951136195082769,
    0.5036692276076792,
    7.967270838991267,
    0.729632603775654,
    6.533434203027856,
    0,
    1.8624563238078853,
    1.7865502060129939,
    1,
    0,
    0.38459509353783594,
    78,
    25,
    17,
    0.8819796259206458,
    4.9246372028236545,
    1,
    84,
    27,
    1,
    0,
    1,
    0.295611777740039,
    0.9760536111881761,
    0.45832165279589754,
    0.402064067259539,
    0.8441101263670963,
    0.23184491916212427,
    -0.5862007685751452,
    1,
    75,
    29,
    67,
    32
  ],
  "genes": {
    "ma_short_period": 24,
    "ma_long_period": 81,
    "ma_type": 0,
    "stop_loss_pct": 9.580576460113253,
    "take_profit_pct": 4.739579690273528,
    "position_size_pct": 24.373300560582017,
    "macro_enabled": 0,
    "macro_weight": 0.7733865864407564,
    "macro_vix_threshold": 23.564583282826113,
    "macro_vix_position_scale": 0.22977531216298194,
    "macro_yc_threshold": -0.5527551780033613,
    "macro_yc_action": 2,
    "macro_rate_threshold": 6.951136195082769,
    "macro_rate_position_scale": 0.5036692276076792,
    "macro_cpi_threshold": 7.967270838991267,
    "macro_cpi_position_scale": 0.729632603775654,
    "macro_unemp_threshold": 6.533434203027856,
    "macro_unemp_action": 0,
    "macro_risk_stop_adj": 1.8624563238078853,
    "macro_risk_tp_adj": 1.7865502060129939,
    "macro_regime_count_req": 1,
    "ti_enabled": 0,
    "ti_weight": 0.38459509353783594,
    "ti_rsi_overbought": 78,
    "ti_rsi_oversold": 25,
    "ti_adx_threshold": 17,
    "ti_adx_position_scale": 0.8819796259206458,
    "ti_natr_threshold": 4.9246372028236545,
    "ti_natr_risk_action": 1,
    "ti_mfi_overbought": 84,
    "ti_mfi_oversold": 27,
    "ti_macdhist_confirm": 1,
    "ti_macdhist_exit_confirm": 0,
    "ensemble_enabled": 1,
    "sig_ma_weight": 0.295611777740039,
    "sig_bb_weight": 0.9760536111881761,
    "sig_stoch_weight": 0.45832165279589754,
    "sig_macd_weight": 0.402064067259539,
    "sig_rsi_weight": 0.8441101263670963,
    "sig_buy_threshold": 0.23184491916212427,
    "sig_sell_threshold": -0.5862007685751452,
    "sig_bb_period_idx": 1,
    "sig_stoch_ob": 75,
    "sig_stoch_os": 29,
    "sig_rsi_ob": 67,
    "sig_rsi_os": 32
  }
}