{
  "generation": 89,
  "fitness": 107.82946754554729,
  "chromosome": [
    12,
    61,
    0,
    4.967652394880636,
    9.896105593927619,
    24.12657851469354,
    1,
    0.8692787872707349,
    41.457024856078604,
    0.9511943586535876,
    -0.558776922598895,
    0,
    2.8018617274308086,
    0.7695061202641118,
    7.108900646034992,
    0.8007857888810532,
    8.695456306274686,
    0,
    1.6407812040696585,
    1.963445343676359,
    3,
    1,
    0.18180304636795264,
    84,
    33,
    28,
    0.8664827915184445,
    3.5791669842006018,
    1,
    77,
    6,
    1,
    0,
    1,
    0.7319154908887929,
    0.10985127372798331,
    0.7293767920319256,
    0.23026539085720976,
    0.6638541460023785,
    0.18956089778723734,
    -0.6542621778954947,
    0,
    72,
    25,
    84,
    29
  ],
  "genes": {
    "ma_short_period": 12,
    "ma_long_period": 61,
    "ma_type": 0,
    "stop_loss_pct": 4.967652394880636,
    "take_profit_pct": 9.896105593927619,
    "position_size_pct": 24.12657851469354,
    "macro_enabled": 1,
    "macro_weight": 0.8692787872707349,
    "macro_vix_threshold": 41.457024856078604,
    "macro_vix_position_scale": 0.9511943586535876,
    "macro_yc_threshold": -0.558776922598895,
    "macro_yc_action": 0,
    "macro_rate_threshold": 2.8018617274308086,
    "macro_rate_position_scale": 0.7695061202641118,
    "macro_cpi_threshold": 7.108900646034992,
    "macro_cpi_position_scale": 0.8007857888810532,
    "macro_unemp_threshold": 8.695456306274686,
    "macro_unemp_action": 0,
    "macro_risk_stop_adj": 1.6407812040696585,
    "macro_risk_tp_adj": 1.963445343676359,
    "macro_regime_count_req": 3,
    "ti_enabled": 1,
    "ti_weight": 0.18180304636795264,
    "ti_rsi_overbought": 84,
    "ti_rsi_oversold": 33,
    "ti_adx_threshold": 28,
    "ti_adx_position_scale": 0.8664827915184445,
    "ti_natr_threshold": 3.5791669842006018,
    "ti_natr_risk_action": 1,
    "ti_mfi_overbought": 77,
    "ti_mfi_oversold": 6,
    "ti_macdhist_confirm": 1,
    "ti_macdhist_exit_confirm": 0,
    "ensemble_enabled": 1,
    "sig_ma_weight": 0.7319154908887929,
    "sig_bb_weight": 0.10985127372798331,
    "sig_stoch_weight": 0.7293767920319256,
    "sig_macd_weight": 0.23026539085720976,
    "sig_rsi_weight": 0.6638541460023785,
    "sig_buy_threshold": 0.18956089778723734,
    "sig_sell_threshold": -0.6542621778954947,
    "sig_bb_period_idx": 0,
    "sig_stoch_ob": 72,
    "sig_stoch_os": 25,
    "sig_rsi_ob": 84,
    "sig_rsi_os": 29
  }
}