{
  "generation": 49,
  "fitness": 144.41722007863928,
  "chromosome": [
    16,
    84,
    0,
    4.47835457612763,
    12.367555122587568,
    24.882346658375546,
    1,
    0.16595452453460213,
    38.088888824984764,
    0.23141263593620637,
    0.604760545638585,
    2,
    6.606695376045131,
    0.6711562220095789,
    4.464463580949388,
    0.47741494238067206,
    7.335279561860021,
    0,
    1.711437015658854,
    1.1336871167400582,
    2,
    1,
    0.3406542464959146,
    84,
    28,
    40,
    0.4481853900414497,
    4.657319808082072,
    2,
    73,
    21,
    0,
    0
  ],
  "genes": {
    "ma_short_period": 16,
    "ma_long_period": 84,
    "ma_type": 0,
    "stop_loss_pct": 4.47835457612763,
    "take_profit_pct": 12.367555122587568,
    "position_size_pct": 24.882346658375546,
    "macro_enabled": 1,
    "macro_weight": 0.16595452453460213,
    "macro_vix_threshold": 38.088888824984764,
    "macro_vix_position_scale": 0.23141263593620637,
    "macro_yc_threshold": 0.604760545638585,
    "macro_yc_action": 2,
    "macro_rate_threshold": 6.606695376045131,
    "macro_rate_position_scale": 0.6711562220095789,
    "macro_cpi_threshold": 4.464463580949388,
    "macro_cpi_position_scale": 0.47741494238067206,
    "macro_unemp_threshold": 7.335279561860021,
    "macro_unemp_action": 0,
    "macro_risk_stop_adj": 1.711437015658854,
    "macro_risk_tp_adj": 1.1336871167400582,
    "macro_regime_count_req": 2,
    "ti_enabled": 1,
    "ti_weight": 0.3406542464959146,
    "ti_rsi_overbought": 84,
    "ti_rsi_oversold": 28,
    "ti_adx_threshold": 40,
    "ti_adx_position_scale": 0.4481853900414497,
    "ti_natr_threshold": 4.657319808082072,
    "ti_natr_risk_action": 2,
    "ti_mfi_overbought": 73,
    "ti_mfi_oversold": 21,
    "ti_macdhist_confirm": 0,
    "ti_macdhist_exit_confirm": 0
  }
}