{
  "generation": 19,
  "fitness": 40.169698190056415,
  "chromosome": [
    27,
    66,
    1,
    9.690649336722714,
    4.33764957241095,
    24.12552412946798,
    1,
    0.4762622810814686,
    34.07716803848478,
    0.8033111010246696,
    -0.5736497362710409,
    2,
    3.5356068870923254,
    0.40188857717906346,
    5.226525284144968,
    0.38955424972410807,
    4.884685924065792,
    0,
    0.5676776781104288,
    0.8783645502058255,
    1,
    0,
    0.7432379036586196,
    70,
    13,
    34,
    0.5483145964260059,
    4.453122945951906,
    1,
    80,
    10,
    1,
    0,
    1,
    0.8889350708336445,
    0.6302172646257879,
    0.4330250346392709,
    0.8566241806462468,
    0.8025806080051959,
    0.32156003165555236,
    -0.3510040774628522,
    2,
    85,
    16,
    76,
    37
  ],
  "genes": {
    "ma_short_period": 27,
    "ma_long_period": 66,
    "ma_type": 1,
    "stop_loss_pct": 9.690649336722714,
    "take_profit_pct": 4.33764957241095,
    "position_size_pct": 24.12552412946798,
    "macro_enabled": 1,
    "macro_weight": 0.4762622810814686,
    "macro_vix_threshold": 34.07716803848478,
    "macro_vix_position_scale": 0.8033111010246696,
    "macro_yc_threshold": -0.5736497362710409,
    "macro_yc_action": 2,
    "macro_rate_threshold": 3.5356068870923254,
    "macro_rate_position_scale": 0.40188857717906346,
    "macro_cpi_threshold": 5.226525284144968,
    "macro_cpi_position_scale": 0.38955424972410807,
    "macro_unemp_threshold": 4.884685924065792,
    "macro_unemp_action": 0,
    "macro_risk_stop_adj": 0.5676776781104288,
    "macro_risk_tp_adj": 0.8783645502058255,
    "macro_regime_count_req": 1,
    "ti_enabled": 0,
    "ti_weight": 0.7432379036586196,
    "ti_rsi_overbought": 70,
    "ti_rsi_oversold": 13,
    "ti_adx_threshold": 34,
    "ti_adx_position_scale": 0.5483145964260059,
    "ti_natr_threshold": 4.453122945951906,
    "ti_natr_risk_action": 1,
    "ti_mfi_overbought": 80,
    "ti_mfi_oversold": 10,
    "ti_macdhist_confirm": 1,
    "ti_macdhist_exit_confirm": 0,
    "ensemble_enabled": 1,
    "sig_ma_weight": 0.8889350708336445,
    "sig_bb_weight": 0.6302172646257879,
    "sig_stoch_weight": 0.4330250346392709,
    "sig_macd_weight": 0.8566241806462468,
    "sig_rsi_weight": 0.8025806080051959,
    "sig_buy_threshold": 0.32156003165555236,
    "sig_sell_threshold": -0.3510040774628522,
    "sig_bb_period_idx": 2,
    "sig_stoch_ob": 85,
    "sig_stoch_os": 16,
    "sig_rsi_ob": 76,
    "sig_rsi_os": 37
  }
}