{
  "generation": 19,
  "fitness": 22.307102331485755,
  "chromosome": [
    20,
    52,
    0,
    7.100139078307453,
    9.337573048020284,
    23.973963196998056,
    1,
    0.6551155357537964,
    26.437022463155962,
    0.30850435885509997,
    -0.16693687203201502,
    0,
    6.292676764203999,
    0.9290996012656243,
    5.050930918536846,
    0.6715176322858057,
    9.222694406167134,
    0,
    1.7927646779893522,
    1.8627565664357058,
    2,
    0,
    0.3476621506377917,
    74,
    39,
    39,
    0.6200606974218277,
    4.510631110837108,
    0,
    91,
    13,
    1,
    0,
    0,
    0.6288408024395694,
    0.948525467975705,
    0.3407944439912004,
    0.9006786674536693,
    0.5034579671967088,
    0.49395880918156265,
    -0.7734450869841897,
    0,
    86,
    25,
    81,
    36
  ],
  "genes": {
    "ma_short_period": 20,
    "ma_long_period": 52,
    "ma_type": 0,
    "stop_loss_pct": 7.100139078307453,
    "take_profit_pct": 9.337573048020284,
    "position_size_pct": 23.973963196998056,
    "macro_enabled": 1,
    "macro_weight": 0.6551155357537964,
    "macro_vix_threshold": 26.437022463155962,
    "macro_vix_position_scale": 0.30850435885509997,
    "macro_yc_threshold": -0.16693687203201502,
    "macro_yc_action": 0,
    "macro_rate_threshold": 6.292676764203999,
    "macro_rate_position_scale": 0.9290996012656243,
    "macro_cpi_threshold": 5.050930918536846,
    "macro_cpi_position_scale": 0.6715176322858057,
    "macro_unemp_threshold": 9.222694406167134,
    "macro_unemp_action": 0,
    "macro_risk_stop_adj": 1.7927646779893522,
    "macro_risk_tp_adj": 1.8627565664357058,
    "macro_regime_count_req": 2,
    "ti_enabled": 0,
    "ti_weight": 0.3476621506377917,
    "ti_rsi_overbought": 74,
    "ti_rsi_oversold": 39,
    "ti_adx_threshold": 39,
    "ti_adx_position_scale": 0.6200606974218277,
    "ti_natr_threshold": 4.510631110837108,
    "ti_natr_risk_action": 0,
    "ti_mfi_overbought": 91,
    "ti_mfi_oversold": 13,
    "ti_macdhist_confirm": 1,
    "ti_macdhist_exit_confirm": 0,
    "ensemble_enabled": 0,
    "sig_ma_weight": 0.6288408024395694,
    "sig_bb_weight": 0.948525467975705,
    "sig_stoch_weight": 0.3407944439912004,
    "sig_macd_weight": 0.9006786674536693,
    "sig_rsi_weight": 0.5034579671967088,
    "sig_buy_threshold": 0.49395880918156265,
    "sig_sell_threshold": -0.7734450869841897,
    "sig_bb_period_idx": 0,
    "sig_stoch_ob": 86,
    "sig_stoch_os": 25,
    "sig_rsi_ob": 81,
    "sig_rsi_os": 36
  }
}