{
  "generation": 19,
  "fitness": 17.618258584904474,
  "chromosome": [
    22,
    33,
    0,
    4.237846827196843,
    11.895210238084799,
    16.89403194736653,
    0,
    0.6776382585552404,
    26.99516478665644,
    0.9797424378693276,
    -0.6107620708823276,
    2,
    1.377181554091149,
    0.9690497890819108,
    2.0881552384522104,
    0.6853353091252312,
    4.519255988414292,
    1,
    0.9499350173551073,
    1.872469150587349,
    2,
    0,
    0.21919267956388233,
    88,
    13,
    30,
    0.37434334717769463,
    3.915788016308807,
    1,
    82,
    8,
    1,
    0,
    1,
    0.2549257304387543,
    0.9100120418019653,
    0.8098660477955356,
    0.8420666959961142,
    0.5090439572446257,
    0.5817500868985603,
    -0.4389976128659293,
    0,
    72,
    10,
    64,
    25
  ],
  "genes": {
    "ma_short_period": 22,
    "ma_long_period": 33,
    "ma_type": 0,
    "stop_loss_pct": 4.237846827196843,
    "take_profit_pct": 11.895210238084799,
    "position_size_pct": 16.89403194736653,
    "macro_enabled": 0,
    "macro_weight": 0.6776382585552404,
    "macro_vix_threshold": 26.99516478665644,
    "macro_vix_position_scale": 0.9797424378693276,
    "macro_yc_threshold": -0.6107620708823276,
    "macro_yc_action": 2,
    "macro_rate_threshold": 1.377181554091149,
    "macro_rate_position_scale": 0.9690497890819108,
    "macro_cpi_threshold": 2.0881552384522104,
    "macro_cpi_position_scale": 0.6853353091252312,
    "macro_unemp_threshold": 4.519255988414292,
    "macro_unemp_action": 1,
    "macro_risk_stop_adj": 0.9499350173551073,
    "macro_risk_tp_adj": 1.872469150587349,
    "macro_regime_count_req": 2,
    "ti_enabled": 0,
    "ti_weight": 0.21919267956388233,
    "ti_rsi_overbought": 88,
    "ti_rsi_oversold": 13,
    "ti_adx_threshold": 30,
    "ti_adx_position_scale": 0.37434334717769463,
    "ti_natr_threshold": 3.915788016308807,
    "ti_natr_risk_action": 1,
    "ti_mfi_overbought": 82,
    "ti_mfi_oversold": 8,
    "ti_macdhist_confirm": 1,
    "ti_macdhist_exit_confirm": 0,
    "ensemble_enabled": 1,
    "sig_ma_weight": 0.2549257304387543,
    "sig_bb_weight": 0.9100120418019653,
    "sig_stoch_weight": 0.8098660477955356,
    "sig_macd_weight": 0.8420666959961142,
    "sig_rsi_weight": 0.5090439572446257,
    "sig_buy_threshold": 0.5817500868985603,
    "sig_sell_threshold": -0.4389976128659293,
    "sig_bb_period_idx": 0,
    "sig_stoch_ob": 72,
    "sig_stoch_os": 10,
    "sig_rsi_ob": 64,
    "sig_rsi_os": 25
  }
}