{
  "generation": 69,
  "fitness": 25.171398664688237,
  "chromosome": [
    20,
    98,
    0,
    9.1876568851203,
    9.570413504199838,
    23.973963196998056,
    1,
    0.8831466317695036,
    26.960641703726775,
    0.4165631188669594,
    0.5600524915527587,
    1,
    6.292676764203999,
    0.7566298290421882,
    7.293477691697475,
    0.5167969741392737,
    4.279453165191679,
    2,
    1.1065400315833918,
    1.801313454562704,
    1,
    0,
    0.5685491139471346,
    74,
    12,
    32,
    0.4909647868051268,
    3.8367165580995,
    2,
    93,
    21,
    1,
    1,
    1,
    0.5645805694463858,
    0.1828299704663754,
    0.27173349150426607,
    0.9370185387740897,
    0.15297816379498475,
    0.16454129063704231,
    -0.5024165836506428,
    0,
    86,
    18,
    79,
    26
  ],
  "genes": {
    "ma_short_period": 20,
    "ma_long_period": 98,
    "ma_type": 0,
    "stop_loss_pct": 9.1876568851203,
    "take_profit_pct": 9.570413504199838,
    "position_size_pct": 23.973963196998056,
    "macro_enabled": 1,
    "macro_weight": 0.8831466317695036,
    "macro_vix_threshold": 26.960641703726775,
    "macro_vix_position_scale": 0.4165631188669594,
    "macro_yc_threshold": 0.5600524915527587,
    "macro_yc_action": 1,
    "macro_rate_threshold": 6.292676764203999,
    "macro_rate_position_scale": 0.7566298290421882,
    "macro_cpi_threshold": 7.293477691697475,
    "macro_cpi_position_scale": 0.5167969741392737,
    "macro_unemp_threshold": 4.279453165191679,
    "macro_unemp_action": 2,
    "macro_risk_stop_adj": 1.1065400315833918,
    "macro_risk_tp_adj": 1.801313454562704,
    "macro_regime_count_req": 1,
    "ti_enabled": 0,
    "ti_weight": 0.5685491139471346,
    "ti_rsi_overbought": 74,
    "ti_rsi_oversold": 12,
    "ti_adx_threshold": 32,
    "ti_adx_position_scale": 0.4909647868051268,
    "ti_natr_threshold": 3.8367165580995,
    "ti_natr_risk_action": 2,
    "ti_mfi_overbought": 93,
    "ti_mfi_oversold": 21,
    "ti_macdhist_confirm": 1,
    "ti_macdhist_exit_confirm": 1,
    "ensemble_enabled": 1,
    "sig_ma_weight": 0.5645805694463858,
    "sig_bb_weight": 0.1828299704663754,
    "sig_stoch_weight": 0.27173349150426607,
    "sig_macd_weight": 0.9370185387740897,
    "sig_rsi_weight": 0.15297816379498475,
    "sig_buy_threshold": 0.16454129063704231,
    "sig_sell_threshold": -0.5024165836506428,
    "sig_bb_period_idx": 0,
    "sig_stoch_ob": 86,
    "sig_stoch_os": 18,
    "sig_rsi_ob": 79,
    "sig_rsi_os": 26
  }
}