{
  "generation": 29,
  "fitness": 75.70395750683345,
  "chromosome": [
    15,
    94,
    0,
    2.9168936686127465,
    12.940005110475141,
    24.94315803805299,
    0,
    0.6459949535071752,
    42.61934771173651,
    0.5988236505921947,
    0.6102372247741996,
    0,
    5.030061612897337,
    0.8133607408193608,
    3.4448106281387485,
    0.928630958122356,
    4.474706225485157,
    0,
    1.288836531573815,
    1.8720873966932159,
    1,
    1,
    0.7444590929509677,
    68,
    21,
    40,
    0.8557031308531817,
    6.90647140601032,
    1,
    77,
    8,
    0,
    0
  ],
  "genes": {
    "ma_short_period": 15,
    "ma_long_period": 94,
    "ma_type": 0,
    "stop_loss_pct": 2.9168936686127465,
    "take_profit_pct": 12.940005110475141,
    "position_size_pct": 24.94315803805299,
    "macro_enabled": 0,
    "macro_weight": 0.6459949535071752,
    "macro_vix_threshold": 42.61934771173651,
    "macro_vix_position_scale": 0.5988236505921947,
    "macro_yc_threshold": 0.6102372247741996,
    "macro_yc_action": 0,
    "macro_rate_threshold": 5.030061612897337,
    "macro_rate_position_scale": 0.8133607408193608,
    "macro_cpi_threshold": 3.4448106281387485,
    "macro_cpi_position_scale": 0.928630958122356,
    "macro_unemp_threshold": 4.474706225485157,
    "macro_unemp_action": 0,
    "macro_risk_stop_adj": 1.288836531573815,
    "macro_risk_tp_adj": 1.8720873966932159,
    "macro_regime_count_req": 1,
    "ti_enabled": 1,
    "ti_weight": 0.7444590929509677,
    "ti_rsi_overbought": 68,
    "ti_rsi_oversold": 21,
    "ti_adx_threshold": 40,
    "ti_adx_position_scale": 0.8557031308531817,
    "ti_natr_threshold": 6.90647140601032,
    "ti_natr_risk_action": 1,
    "ti_mfi_overbought": 77,
    "ti_mfi_oversold": 8,
    "ti_macdhist_confirm": 0,
    "ti_macdhist_exit_confirm": 0
  }
}