{
  "generation": 19,
  "fitness": 16.03042644737416,
  "chromosome": [
    22,
    36,
    1,
    9.242692883928054,
    14.664474625664699,
    24.76955915828206,
    0,
    0.11755241123195626,
    24.162672676429352,
    0.2522356786164288,
    0.10790739902956448,
    2,
    4.2295323540487,
    0.8745576986022541,
    7.240801678999627,
    0.6778829766913369,
    8.021050676608946,
    0,
    0.5737250579997897,
    1.8739026726725774,
    3,
    0,
    0.32684580488130854,
    62,
    32,
    16,
    0.3916943241059329,
    5.437840409387168,
    0,
    89,
    17,
    0,
    1,
    0,
    0.9442561503871149,
    0.8116546400613905,
    0.77334044122361,
    0.7584368480666711,
    0.005786544238699176,
    0.11467526950641686,
    -0.6756600757902513,
    2,
    80,
    23,
    84,
    17
  ],
  "genes": {
    "ma_short_period": 22,
    "ma_long_period": 36,
    "ma_type": 1,
    "stop_loss_pct": 9.242692883928054,
    "take_profit_pct": 14.664474625664699,
    "position_size_pct": 24.76955915828206,
    "macro_enabled": 0,
    "macro_weight": 0.11755241123195626,
    "macro_vix_threshold": 24.162672676429352,
    "macro_vix_position_scale": 0.2522356786164288,
    "macro_yc_threshold": 0.10790739902956448,
    "macro_yc_action": 2,
    "macro_rate_threshold": 4.2295323540487,
    "macro_rate_position_scale": 0.8745576986022541,
    "macro_cpi_threshold": 7.240801678999627,
    "macro_cpi_position_scale": 0.6778829766913369,
    "macro_unemp_threshold": 8.021050676608946,
    "macro_unemp_action": 0,
    "macro_risk_stop_adj": 0.5737250579997897,
    "macro_risk_tp_adj": 1.8739026726725774,
    "macro_regime_count_req": 3,
    "ti_enabled": 0,
    "ti_weight": 0.32684580488130854,
    "ti_rsi_overbought": 62,
    "ti_rsi_oversold": 32,
    "ti_adx_threshold": 16,
    "ti_adx_position_scale": 0.3916943241059329,
    "ti_natr_threshold": 5.437840409387168,
    "ti_natr_risk_action": 0,
    "ti_mfi_overbought": 89,
    "ti_mfi_oversold": 17,
    "ti_macdhist_confirm": 0,
    "ti_macdhist_exit_confirm": 1,
    "ensemble_enabled": 0,
    "sig_ma_weight": 0.9442561503871149,
    "sig_bb_weight": 0.8116546400613905,
    "sig_stoch_weight": 0.77334044122361,
    "sig_macd_weight": 0.7584368480666711,
    "sig_rsi_weight": 0.005786544238699176,
    "sig_buy_threshold": 0.11467526950641686,
    "sig_sell_threshold": -0.6756600757902513,
    "sig_bb_period_idx": 2,
    "sig_stoch_ob": 80,
    "sig_stoch_os": 23,
    "sig_rsi_ob": 84,
    "sig_rsi_os": 17
  }
}