{
  "generation": 9,
  "fitness": 15.570284047307462,
  "chromosome": [
    22,
    34,
    1,
    8.297954783045116,
    14.664474625664699,
    23.727228712264356,
    0,
    0.5721874460043692,
    24.162672676429352,
    0.8788930435264435,
    0.9341086781014376,
    0,
    5.819120323475918,
    0.9523582563139312,
    7.729150381487995,
    0.34496160817954086,
    8.04546091323504,
    2,
    0.9288919703380454,
    1.9765519853736992,
    2,
    0,
    0.48443083840497336,
    71,
    33,
    24,
    0.21702412458012105,
    2.6848484732098647,
    2,
    71,
    5,
    1,
    1,
    0,
    0.4060672624332837,
    0.6711170086181354,
    0.552054191575399,
    0.25241819631468043,
    0.34327638622531287,
    0.5291192581981474,
    -0.6643197597951289,
    0,
    79,
    18,
    76,
    16
  ],
  "genes": {
    "ma_short_period": 22,
    "ma_long_period": 34,
    "ma_type": 1,
    "stop_loss_pct": 8.297954783045116,
    "take_profit_pct": 14.664474625664699,
    "position_size_pct": 23.727228712264356,
    "macro_enabled": 0,
    "macro_weight": 0.5721874460043692,
    "macro_vix_threshold": 24.162672676429352,
    "macro_vix_position_scale": 0.8788930435264435,
    "macro_yc_threshold": 0.9341086781014376,
    "macro_yc_action": 0,
    "macro_rate_threshold": 5.819120323475918,
    "macro_rate_position_scale": 0.9523582563139312,
    "macro_cpi_threshold": 7.729150381487995,
    "macro_cpi_position_scale": 0.34496160817954086,
    "macro_unemp_threshold": 8.04546091323504,
    "macro_unemp_action": 2,
    "macro_risk_stop_adj": 0.9288919703380454,
    "macro_risk_tp_adj": 1.9765519853736992,
    "macro_regime_count_req": 2,
    "ti_enabled": 0,
    "ti_weight": 0.48443083840497336,
    "ti_rsi_overbought": 71,
    "ti_rsi_oversold": 33,
    "ti_adx_threshold": 24,
    "ti_adx_position_scale": 0.21702412458012105,
    "ti_natr_threshold": 2.6848484732098647,
    "ti_natr_risk_action": 2,
    "ti_mfi_overbought": 71,
    "ti_mfi_oversold": 5,
    "ti_macdhist_confirm": 1,
    "ti_macdhist_exit_confirm": 1,
    "ensemble_enabled": 0,
    "sig_ma_weight": 0.4060672624332837,
    "sig_bb_weight": 0.6711170086181354,
    "sig_stoch_weight": 0.552054191575399,
    "sig_macd_weight": 0.25241819631468043,
    "sig_rsi_weight": 0.34327638622531287,
    "sig_buy_threshold": 0.5291192581981474,
    "sig_sell_threshold": -0.6643197597951289,
    "sig_bb_period_idx": 0,
    "sig_stoch_ob": 79,
    "sig_stoch_os": 18,
    "sig_rsi_ob": 76,
    "sig_rsi_os": 16
  }
}