{
  "generation": 9,
  "fitness": 16.827120802108468,
  "chromosome": [
    21,
    33,
    0,
    7.885502535443825,
    4.2156291663071705,
    16.89403194736653,
    0,
    0.8811795242245658,
    32.76457668503615,
    0.9386124794208104,
    -0.11373850989308609,
    0,
    2.4177098910877275,
    0.6836971346098801,
    2.0881552384522104,
    0.5306605566679802,
    6.727471874875531,
    2,
    0.9499350173551073,
    0.6092594912346275,
    3,
    0,
    0.8854137838995794,
    66,
    13,
    30,
    0.8458794515430381,
    6.2784180104777505,
    1,
    76,
    7,
    0,
    1,
    1,
    0.2549257304387543,
    0.14091327490775685,
    0.5791802908162562,
    0.9809277183240671,
    0.061884936616270037,
    0.5077566965428558,
    -0.7025355238512567,
    0,
    82,
    21,
    64,
    32
  ],
  "genes": {
    "ma_short_period": 21,
    "ma_long_period": 33,
    "ma_type": 0,
    "stop_loss_pct": 7.885502535443825,
    "take_profit_pct": 4.2156291663071705,
    "position_size_pct": 16.89403194736653,
    "macro_enabled": 0,
    "macro_weight": 0.8811795242245658,
    "macro_vix_threshold": 32.76457668503615,
    "macro_vix_position_scale": 0.9386124794208104,
    "macro_yc_threshold": -0.11373850989308609,
    "macro_yc_action": 0,
    "macro_rate_threshold": 2.4177098910877275,
    "macro_rate_position_scale": 0.6836971346098801,
    "macro_cpi_threshold": 2.0881552384522104,
    "macro_cpi_position_scale": 0.5306605566679802,
    "macro_unemp_threshold": 6.727471874875531,
    "macro_unemp_action": 2,
    "macro_risk_stop_adj": 0.9499350173551073,
    "macro_risk_tp_adj": 0.6092594912346275,
    "macro_regime_count_req": 3,
    "ti_enabled": 0,
    "ti_weight": 0.8854137838995794,
    "ti_rsi_overbought": 66,
    "ti_rsi_oversold": 13,
    "ti_adx_threshold": 30,
    "ti_adx_position_scale": 0.8458794515430381,
    "ti_natr_threshold": 6.2784180104777505,
    "ti_natr_risk_action": 1,
    "ti_mfi_overbought": 76,
    "ti_mfi_oversold": 7,
    "ti_macdhist_confirm": 0,
    "ti_macdhist_exit_confirm": 1,
    "ensemble_enabled": 1,
    "sig_ma_weight": 0.2549257304387543,
    "sig_bb_weight": 0.14091327490775685,
    "sig_stoch_weight": 0.5791802908162562,
    "sig_macd_weight": 0.9809277183240671,
    "sig_rsi_weight": 0.061884936616270037,
    "sig_buy_threshold": 0.5077566965428558,
    "sig_sell_threshold": -0.7025355238512567,
    "sig_bb_period_idx": 0,
    "sig_stoch_ob": 82,
    "sig_stoch_os": 21,
    "sig_rsi_ob": 64,
    "sig_rsi_os": 32
  }
}