{
  "generation": 19,
  "fitness": 128.75361692949724,
  "chromosome": [
    16,
    84,
    0,
    4.63372900829852,
    13.361524302807409,
    23.33332802257293,
    0,
    0.3230548749568407,
    47.69119677876205,
    0.24168557591487635,
    0.604760545638585,
    1,
    6.676187053479534,
    0.647678275804102,
    6.507413019415773,
    0.42895026687416926,
    5.501900067527571,
    0,
    0.517907458845497,
    1.5892946011454807,
    1,
    1,
    0.3176252496807225,
    72,
    23,
    32,
    0.4481853900414497,
    4.470853979325366,
    2,
    90,
    10,
    1,
    0
  ],
  "genes": {
    "ma_short_period": 16,
    "ma_long_period": 84,
    "ma_type": 0,
    "stop_loss_pct": 4.63372900829852,
    "take_profit_pct": 13.361524302807409,
    "position_size_pct": 23.33332802257293,
    "macro_enabled": 0,
    "macro_weight": 0.3230548749568407,
    "macro_vix_threshold": 47.69119677876205,
    "macro_vix_position_scale": 0.24168557591487635,
    "macro_yc_threshold": 0.604760545638585,
    "macro_yc_action": 1,
    "macro_rate_threshold": 6.676187053479534,
    "macro_rate_position_scale": 0.647678275804102,
    "macro_cpi_threshold": 6.507413019415773,
    "macro_cpi_position_scale": 0.42895026687416926,
    "macro_unemp_threshold": 5.501900067527571,
    "macro_unemp_action": 0,
    "macro_risk_stop_adj": 0.517907458845497,
    "macro_risk_tp_adj": 1.5892946011454807,
    "macro_regime_count_req": 1,
    "ti_enabled": 1,
    "ti_weight": 0.3176252496807225,
    "ti_rsi_overbought": 72,
    "ti_rsi_oversold": 23,
    "ti_adx_threshold": 32,
    "ti_adx_position_scale": 0.4481853900414497,
    "ti_natr_threshold": 4.470853979325366,
    "ti_natr_risk_action": 2,
    "ti_mfi_overbought": 90,
    "ti_mfi_oversold": 10,
    "ti_macdhist_confirm": 1,
    "ti_macdhist_exit_confirm": 0
  }
}