{
  "generation": 39,
  "fitness": 108.31723389123123,
  "chromosome": [
    27,
    91,
    1,
    5.638957694681461,
    5.157542991496068,
    24.243355923918127,
    1,
    0.10073027585800731,
    19.62707362824803,
    0.5117416501412806,
    -0.4832100587316579,
    0,
    2.9811879490767668,
    0.9965027762816776,
    2.565370884042309,
    0.38101224804388134,
    5.7953646308738405,
    1,
    1.0774857941494096,
    1.504767366340014,
    4,
    0,
    0.09559257293921797,
    85,
    22,
    16,
    0.5822580651797415,
    4.169439361359477,
    0,
    83,
    27,
    1,
    0,
    1,
    0.7205526474577237,
    0.1420183305532393,
    0.17324338817796303,
    0.7039737838849095,
    0.4517255380919448,
    0.16966906587434102,
    -0.5617900606346795,
    1,
    81,
    27,
    66,
    37
  ],
  "genes": {
    "ma_short_period": 27,
    "ma_long_period": 91,
    "ma_type": 1,
    "stop_loss_pct": 5.638957694681461,
    "take_profit_pct": 5.157542991496068,
    "position_size_pct": 24.243355923918127,
    "macro_enabled": 1,
    "macro_weight": 0.10073027585800731,
    "macro_vix_threshold": 19.62707362824803,
    "macro_vix_position_scale": 0.5117416501412806,
    "macro_yc_threshold": -0.4832100587316579,
    "macro_yc_action": 0,
    "macro_rate_threshold": 2.9811879490767668,
    "macro_rate_position_scale": 0.9965027762816776,
    "macro_cpi_threshold": 2.565370884042309,
    "macro_cpi_position_scale": 0.38101224804388134,
    "macro_unemp_threshold": 5.7953646308738405,
    "macro_unemp_action": 1,
    "macro_risk_stop_adj": 1.0774857941494096,
    "macro_risk_tp_adj": 1.504767366340014,
    "macro_regime_count_req": 4,
    "ti_enabled": 0,
    "ti_weight": 0.09559257293921797,
    "ti_rsi_overbought": 85,
    "ti_rsi_oversold": 22,
    "ti_adx_threshold": 16,
    "ti_adx_position_scale": 0.5822580651797415,
    "ti_natr_threshold": 4.169439361359477,
    "ti_natr_risk_action": 0,
    "ti_mfi_overbought": 83,
    "ti_mfi_oversold": 27,
    "ti_macdhist_confirm": 1,
    "ti_macdhist_exit_confirm": 0,
    "ensemble_enabled": 1,
    "sig_ma_weight": 0.7205526474577237,
    "sig_bb_weight": 0.1420183305532393,
    "sig_stoch_weight": 0.17324338817796303,
    "sig_macd_weight": 0.7039737838849095,
    "sig_rsi_weight": 0.4517255380919448,
    "sig_buy_threshold": 0.16966906587434102,
    "sig_sell_threshold": -0.5617900606346795,
    "sig_bb_period_idx": 1,
    "sig_stoch_ob": 81,
    "sig_stoch_os": 27,
    "sig_rsi_ob": 66,
    "sig_rsi_os": 37
  }
}