{
  "generation": 9,
  "fitness": 38.10785760270675,
  "chromosome": [
    8,
    95,
    0,
    9.537801153998988,
    10.77531954182087,
    24.12552412946798,
    1,
    0.3884190488074609,
    23.924847596263778,
    0.9985714924212801,
    -0.009405785767258257,
    1,
    6.929933701437283,
    0.7489310088429424,
    4.4388553353560365,
    0.967506799932965,
    7.046639030675191,
    2,
    1.8757646014098204,
    1.751523189673916,
    3,
    1,
    0.1151659161287345,
    68,
    40,
    17,
    0.3713894458963509,
    4.631305745767747,
    1,
    87,
    29,
    0,
    0,
    1,
    0.9382975659050785,
    0.6901574070621924,
    0.9683137623485286,
    0.8566241806462468,
    0.9627912862962635,
    0.3776424418433646,
    -0.6324683287258781,
    1,
    72,
    24,
    79,
    28
  ],
  "genes": {
    "ma_short_period": 8,
    "ma_long_period": 95,
    "ma_type": 0,
    "stop_loss_pct": 9.537801153998988,
    "take_profit_pct": 10.77531954182087,
    "position_size_pct": 24.12552412946798,
    "macro_enabled": 1,
    "macro_weight": 0.3884190488074609,
    "macro_vix_threshold": 23.924847596263778,
    "macro_vix_position_scale": 0.9985714924212801,
    "macro_yc_threshold": -0.009405785767258257,
    "macro_yc_action": 1,
    "macro_rate_threshold": 6.929933701437283,
    "macro_rate_position_scale": 0.7489310088429424,
    "macro_cpi_threshold": 4.4388553353560365,
    "macro_cpi_position_scale": 0.967506799932965,
    "macro_unemp_threshold": 7.046639030675191,
    "macro_unemp_action": 2,
    "macro_risk_stop_adj": 1.8757646014098204,
    "macro_risk_tp_adj": 1.751523189673916,
    "macro_regime_count_req": 3,
    "ti_enabled": 1,
    "ti_weight": 0.1151659161287345,
    "ti_rsi_overbought": 68,
    "ti_rsi_oversold": 40,
    "ti_adx_threshold": 17,
    "ti_adx_position_scale": 0.3713894458963509,
    "ti_natr_threshold": 4.631305745767747,
    "ti_natr_risk_action": 1,
    "ti_mfi_overbought": 87,
    "ti_mfi_oversold": 29,
    "ti_macdhist_confirm": 0,
    "ti_macdhist_exit_confirm": 0,
    "ensemble_enabled": 1,
    "sig_ma_weight": 0.9382975659050785,
    "sig_bb_weight": 0.6901574070621924,
    "sig_stoch_weight": 0.9683137623485286,
    "sig_macd_weight": 0.8566241806462468,
    "sig_rsi_weight": 0.9627912862962635,
    "sig_buy_threshold": 0.3776424418433646,
    "sig_sell_threshold": -0.6324683287258781,
    "sig_bb_period_idx": 1,
    "sig_stoch_ob": 72,
    "sig_stoch_os": 24,
    "sig_rsi_ob": 79,
    "sig_rsi_os": 28
  }
}