{
  "generation": 9,
  "fitness": 131.29516281139647,
  "chromosome": [
    15,
    35,
    0,
    8.18861993523861,
    12.61135686412164,
    16.47824610384113,
    0,
    0.4189760676080213,
    32.5484275373808,
    0.2830522511927163,
    0.8690105311639391,
    2,
    2.5874762891834586,
    0.47031361471373,
    5.9837601295808955,
    0.8122982888335595,
    7.212810052671257,
    2,
    1.1382557190578222,
    1.6934178800889101,
    1,
    1,
    0.7028549421857689,
    62,
    39,
    30,
    0.9829795016210687,
    6.1636570198193645,
    1,
    84,
    28,
    0,
    1,
    1,
    0.7386046535089507,
    0.013918655100901178,
    0.1884804512367424,
    0.7602078953730826,
    0.22243371754566443,
    0.11679075826272321,
    -0.6658683518385328,
    1,
    70,
    13,
    75,
    34
  ],
  "genes": {
    "ma_short_period": 15,
    "ma_long_period": 35,
    "ma_type": 0,
    "stop_loss_pct": 8.18861993523861,
    "take_profit_pct": 12.61135686412164,
    "position_size_pct": 16.47824610384113,
    "macro_enabled": 0,
    "macro_weight": 0.4189760676080213,
    "macro_vix_threshold": 32.5484275373808,
    "macro_vix_position_scale": 0.2830522511927163,
    "macro_yc_threshold": 0.8690105311639391,
    "macro_yc_action": 2,
    "macro_rate_threshold": 2.5874762891834586,
    "macro_rate_position_scale": 0.47031361471373,
    "macro_cpi_threshold": 5.9837601295808955,
    "macro_cpi_position_scale": 0.8122982888335595,
    "macro_unemp_threshold": 7.212810052671257,
    "macro_unemp_action": 2,
    "macro_risk_stop_adj": 1.1382557190578222,
    "macro_risk_tp_adj": 1.6934178800889101,
    "macro_regime_count_req": 1,
    "ti_enabled": 1,
    "ti_weight": 0.7028549421857689,
    "ti_rsi_overbought": 62,
    "ti_rsi_oversold": 39,
    "ti_adx_threshold": 30,
    "ti_adx_position_scale": 0.9829795016210687,
    "ti_natr_threshold": 6.1636570198193645,
    "ti_natr_risk_action": 1,
    "ti_mfi_overbought": 84,
    "ti_mfi_oversold": 28,
    "ti_macdhist_confirm": 0,
    "ti_macdhist_exit_confirm": 1,
    "ensemble_enabled": 1,
    "sig_ma_weight": 0.7386046535089507,
    "sig_bb_weight": 0.013918655100901178,
    "sig_stoch_weight": 0.1884804512367424,
    "sig_macd_weight": 0.7602078953730826,
    "sig_rsi_weight": 0.22243371754566443,
    "sig_buy_threshold": 0.11679075826272321,
    "sig_sell_threshold": -0.6658683518385328,
    "sig_bb_period_idx": 1,
    "sig_stoch_ob": 70,
    "sig_stoch_os": 13,
    "sig_rsi_ob": 75,
    "sig_rsi_os": 34
  }
}