{
  "generation": 9,
  "fitness": 86.89205304129945,
  "chromosome": [
    7,
    59,
    1,
    6.7624753568919,
    11.286799660186349,
    24.12552412946798,
    0,
    0.09322266998273387,
    31.275490660679857,
    0.7103595213789118,
    -0.8499176700236815,
    0,
    1.9631971140811015,
    0.3863108408972812,
    3.253191148283512,
    0.47514516340497154,
    5.014302386620596,
    2,
    0.5467602845984088,
    1.7918717594691653,
    3,
    1,
    0.2559239284370447,
    89,
    40,
    32,
    0.3635713512731757,
    6.341258470764057,
    0,
    72,
    22,
    1,
    0,
    1,
    0.7319154908887929,
    0.8059720987862359,
    0.9106973002474181,
    0.4812447845306945,
    0.7549300639602011,
    0.18956089778723734,
    -0.7580379829622179,
    0,
    75,
    12,
    82,
    38
  ],
  "genes": {
    "ma_short_period": 7,
    "ma_long_period": 59,
    "ma_type": 1,
    "stop_loss_pct": 6.7624753568919,
    "take_profit_pct": 11.286799660186349,
    "position_size_pct": 24.12552412946798,
    "macro_enabled": 0,
    "macro_weight": 0.09322266998273387,
    "macro_vix_threshold": 31.275490660679857,
    "macro_vix_position_scale": 0.7103595213789118,
    "macro_yc_threshold": -0.8499176700236815,
    "macro_yc_action": 0,
    "macro_rate_threshold": 1.9631971140811015,
    "macro_rate_position_scale": 0.3863108408972812,
    "macro_cpi_threshold": 3.253191148283512,
    "macro_cpi_position_scale": 0.47514516340497154,
    "macro_unemp_threshold": 5.014302386620596,
    "macro_unemp_action": 2,
    "macro_risk_stop_adj": 0.5467602845984088,
    "macro_risk_tp_adj": 1.7918717594691653,
    "macro_regime_count_req": 3,
    "ti_enabled": 1,
    "ti_weight": 0.2559239284370447,
    "ti_rsi_overbought": 89,
    "ti_rsi_oversold": 40,
    "ti_adx_threshold": 32,
    "ti_adx_position_scale": 0.3635713512731757,
    "ti_natr_threshold": 6.341258470764057,
    "ti_natr_risk_action": 0,
    "ti_mfi_overbought": 72,
    "ti_mfi_oversold": 22,
    "ti_macdhist_confirm": 1,
    "ti_macdhist_exit_confirm": 0,
    "ensemble_enabled": 1,
    "sig_ma_weight": 0.7319154908887929,
    "sig_bb_weight": 0.8059720987862359,
    "sig_stoch_weight": 0.9106973002474181,
    "sig_macd_weight": 0.4812447845306945,
    "sig_rsi_weight": 0.7549300639602011,
    "sig_buy_threshold": 0.18956089778723734,
    "sig_sell_threshold": -0.7580379829622179,
    "sig_bb_period_idx": 0,
    "sig_stoch_ob": 75,
    "sig_stoch_os": 12,
    "sig_rsi_ob": 82,
    "sig_rsi_os": 38
  }
}