{
  "generation": 9,
  "fitness": 39.470379663060726,
  "chromosome": [
    16,
    74,
    1,
    9.598720221660317,
    9.227844118984802,
    24.851943316401506,
    0,
    0.805672785103326,
    40.77428513359156,
    0.8508528277903782,
    -0.710598426816643,
    2,
    4.670278653244305,
    0.619049171382172,
    7.598917974237887,
    0.8406053652165304,
    8.075300590296557,
    2,
    1.0577083206555464,
    1.9855026679702101,
    1,
    1,
    0.4905856180357404,
    65,
    11,
    37,
    0.742292682728575,
    3.302801084835723,
    1,
    88,
    5,
    1,
    1
  ],
  "genes": {
    "ma_short_period": 16,
    "ma_long_period": 74,
    "ma_type": 1,
    "stop_loss_pct": 9.598720221660317,
    "take_profit_pct": 9.227844118984802,
    "position_size_pct": 24.851943316401506,
    "macro_enabled": 0,
    "macro_weight": 0.805672785103326,
    "macro_vix_threshold": 40.77428513359156,
    "macro_vix_position_scale": 0.8508528277903782,
    "macro_yc_threshold": -0.710598426816643,
    "macro_yc_action": 2,
    "macro_rate_threshold": 4.670278653244305,
    "macro_rate_position_scale": 0.619049171382172,
    "macro_cpi_threshold": 7.598917974237887,
    "macro_cpi_position_scale": 0.8406053652165304,
    "macro_unemp_threshold": 8.075300590296557,
    "macro_unemp_action": 2,
    "macro_risk_stop_adj": 1.0577083206555464,
    "macro_risk_tp_adj": 1.9855026679702101,
    "macro_regime_count_req": 1,
    "ti_enabled": 1,
    "ti_weight": 0.4905856180357404,
    "ti_rsi_overbought": 65,
    "ti_rsi_oversold": 11,
    "ti_adx_threshold": 37,
    "ti_adx_position_scale": 0.742292682728575,
    "ti_natr_threshold": 3.302801084835723,
    "ti_natr_risk_action": 1,
    "ti_mfi_overbought": 88,
    "ti_mfi_oversold": 5,
    "ti_macdhist_confirm": 1,
    "ti_macdhist_exit_confirm": 1
  }
}