{
  "generation": 19,
  "fitness": 24.531215289126795,
  "chromosome": [
    28,
    51,
    0,
    9.524889142874274,
    4.87777360096187,
    23.560955003326676,
    1,
    0.6704123424252458,
    33.93999129580871,
    0.5015865688085424,
    -0.7204459749855578,
    0,
    2.3868092346681964,
    0.9518120540100299,
    3.8636589198903204,
    0.7344548762544141,
    5.8446331651141215,
    2,
    0.9811128515664884,
    0.6626260291993911,
    3,
    1,
    0.9930241684989909,
    87,
    40,
    33,
    0.8434704155670054,
    2.2798589085374443,
    1,
    79,
    25,
    0,
    0,
    1,
    0.25025192937477037,
    0.8816407083080157,
    0.2873294157057298,
    0.47829904493992315,
    0.49871048927715755,
    0.4333721757962752,
    -0.7328158511500513,
    2,
    82,
    23,
    77,
    29
  ],
  "genes": {
    "ma_short_period": 28,
    "ma_long_period": 51,
    "ma_type": 0,
    "stop_loss_pct": 9.524889142874274,
    "take_profit_pct": 4.87777360096187,
    "position_size_pct": 23.560955003326676,
    "macro_enabled": 1,
    "macro_weight": 0.6704123424252458,
    "macro_vix_threshold": 33.93999129580871,
    "macro_vix_position_scale": 0.5015865688085424,
    "macro_yc_threshold": -0.7204459749855578,
    "macro_yc_action": 0,
    "macro_rate_threshold": 2.3868092346681964,
    "macro_rate_position_scale": 0.9518120540100299,
    "macro_cpi_threshold": 3.8636589198903204,
    "macro_cpi_position_scale": 0.7344548762544141,
    "macro_unemp_threshold": 5.8446331651141215,
    "macro_unemp_action": 2,
    "macro_risk_stop_adj": 0.9811128515664884,
    "macro_risk_tp_adj": 0.6626260291993911,
    "macro_regime_count_req": 3,
    "ti_enabled": 1,
    "ti_weight": 0.9930241684989909,
    "ti_rsi_overbought": 87,
    "ti_rsi_oversold": 40,
    "ti_adx_threshold": 33,
    "ti_adx_position_scale": 0.8434704155670054,
    "ti_natr_threshold": 2.2798589085374443,
    "ti_natr_risk_action": 1,
    "ti_mfi_overbought": 79,
    "ti_mfi_oversold": 25,
    "ti_macdhist_confirm": 0,
    "ti_macdhist_exit_confirm": 0,
    "ensemble_enabled": 1,
    "sig_ma_weight": 0.25025192937477037,
    "sig_bb_weight": 0.8816407083080157,
    "sig_stoch_weight": 0.2873294157057298,
    "sig_macd_weight": 0.47829904493992315,
    "sig_rsi_weight": 0.49871048927715755,
    "sig_buy_threshold": 0.4333721757962752,
    "sig_sell_threshold": -0.7328158511500513,
    "sig_bb_period_idx": 2,
    "sig_stoch_ob": 82,
    "sig_stoch_os": 23,
    "sig_rsi_ob": 77,
    "sig_rsi_os": 29
  }
}