{
  "generation": 19,
  "fitness": 26.752682351501175,
  "chromosome": [
    29,
    88,
    0,
    5.070656532531384,
    2.620675040134583,
    24.37450443493391,
    1,
    0.8894599772527676,
    18.10331742376474,
    0.22306948817814415,
    -0.10233200272711662,
    2,
    7.5679798916963215,
    0.6103681602424911,
    4.9307022823762,
    0.6396080886117372,
    8.355847970125103,
    0,
    0.5821971446861649,
    1.4969758211849014,
    1,
    0,
    0.1757230988180557,
    66,
    31,
    25,
    0.5351883969253586,
    7.58269574073765,
    1,
    78,
    19,
    1,
    0
  ],
  "genes": {
    "ma_short_period": 29,
    "ma_long_period": 88,
    "ma_type": 0,
    "stop_loss_pct": 5.070656532531384,
    "take_profit_pct": 2.620675040134583,
    "position_size_pct": 24.37450443493391,
    "macro_enabled": 1,
    "macro_weight": 0.8894599772527676,
    "macro_vix_threshold": 18.10331742376474,
    "macro_vix_position_scale": 0.22306948817814415,
    "macro_yc_threshold": -0.10233200272711662,
    "macro_yc_action": 2,
    "macro_rate_threshold": 7.5679798916963215,
    "macro_rate_position_scale": 0.6103681602424911,
    "macro_cpi_threshold": 4.9307022823762,
    "macro_cpi_position_scale": 0.6396080886117372,
    "macro_unemp_threshold": 8.355847970125103,
    "macro_unemp_action": 0,
    "macro_risk_stop_adj": 0.5821971446861649,
    "macro_risk_tp_adj": 1.4969758211849014,
    "macro_regime_count_req": 1,
    "ti_enabled": 0,
    "ti_weight": 0.1757230988180557,
    "ti_rsi_overbought": 66,
    "ti_rsi_oversold": 31,
    "ti_adx_threshold": 25,
    "ti_adx_position_scale": 0.5351883969253586,
    "ti_natr_threshold": 7.58269574073765,
    "ti_natr_risk_action": 1,
    "ti_mfi_overbought": 78,
    "ti_mfi_oversold": 19,
    "ti_macdhist_confirm": 1,
    "ti_macdhist_exit_confirm": 0
  }
}