{
  "generation": 19,
  "fitness": 31.50602285038961,
  "chromosome": [
    17,
    30,
    0,
    9.122464737399532,
    4.8335390317845475,
    19.69791117063314,
    1,
    0.23639632566208602,
    30.87868559184143,
    0.3346715479920188,
    0.46990565772140225,
    0,
    6.7498471069082155,
    0.9984251337131251,
    2.181254725929806,
    0.6783586730459301,
    5.036843270984735,
    2,
    1.0831212447166434,
    1.1107760155820474,
    1,
    0,
    0.10190130544597653,
    64,
    27,
    16,
    0.8302936507750109,
    3.1783597246587423,
    0,
    77,
    17,
    1,
    0,
    1,
    0.6554284327169957,
    0.3444806182009471,
    0.06684632483652297,
    0.9154964491797503,
    0.6307543888247554,
    0.2318982237236086,
    -0.7452848404767524,
    1,
    71,
    28,
    67,
    38
  ],
  "genes": {
    "ma_short_period": 17,
    "ma_long_period": 30,
    "ma_type": 0,
    "stop_loss_pct": 9.122464737399532,
    "take_profit_pct": 4.8335390317845475,
    "position_size_pct": 19.69791117063314,
    "macro_enabled": 1,
    "macro_weight": 0.23639632566208602,
    "macro_vix_threshold": 30.87868559184143,
    "macro_vix_position_scale": 0.3346715479920188,
    "macro_yc_threshold": 0.46990565772140225,
    "macro_yc_action": 0,
    "macro_rate_threshold": 6.7498471069082155,
    "macro_rate_position_scale": 0.9984251337131251,
    "macro_cpi_threshold": 2.181254725929806,
    "macro_cpi_position_scale": 0.6783586730459301,
    "macro_unemp_threshold": 5.036843270984735,
    "macro_unemp_action": 2,
    "macro_risk_stop_adj": 1.0831212447166434,
    "macro_risk_tp_adj": 1.1107760155820474,
    "macro_regime_count_req": 1,
    "ti_enabled": 0,
    "ti_weight": 0.10190130544597653,
    "ti_rsi_overbought": 64,
    "ti_rsi_oversold": 27,
    "ti_adx_threshold": 16,
    "ti_adx_position_scale": 0.8302936507750109,
    "ti_natr_threshold": 3.1783597246587423,
    "ti_natr_risk_action": 0,
    "ti_mfi_overbought": 77,
    "ti_mfi_oversold": 17,
    "ti_macdhist_confirm": 1,
    "ti_macdhist_exit_confirm": 0,
    "ensemble_enabled": 1,
    "sig_ma_weight": 0.6554284327169957,
    "sig_bb_weight": 0.3444806182009471,
    "sig_stoch_weight": 0.06684632483652297,
    "sig_macd_weight": 0.9154964491797503,
    "sig_rsi_weight": 0.6307543888247554,
    "sig_buy_threshold": 0.2318982237236086,
    "sig_sell_threshold": -0.7452848404767524,
    "sig_bb_period_idx": 1,
    "sig_stoch_ob": 71,
    "sig_stoch_os": 28,
    "sig_rsi_ob": 67,
    "sig_rsi_os": 38
  }
}