{
  "generation": 69,
  "fitness": 122.697912270478,
  "chromosome": [
    13,
    94,
    0,
    9.238089706183066,
    5.957210244442807,
    23.910731614129965,
    0,
    0.34480574129514696,
    32.57717140323098,
    0.700800401520224,
    0.14731347657756788,
    2,
    4.570278929040073,
    0.5119140633349528,
    2.074671895187915,
    0.6978226063480213,
    6.73187858369637,
    1,
    0.7415875209298812,
    0.8101616477820788,
    2,
    0,
    0.9487799417153636,
    88,
    28,
    23,
    0.7625762030467282,
    6.336271244215803,
    0,
    91,
    23,
    1,
    0,
    1,
    0.7205526474577237,
    0.3470436571389246,
    0.2918428776158204,
    0.7643344390813095,
    0.12217486891256635,
    0.15999511828794197,
    -0.3323358997588591,
    2,
    72,
    10,
    64,
    37
  ],
  "genes": {
    "ma_short_period": 13,
    "ma_long_period": 94,
    "ma_type": 0,
    "stop_loss_pct": 9.238089706183066,
    "take_profit_pct": 5.957210244442807,
    "position_size_pct": 23.910731614129965,
    "macro_enabled": 0,
    "macro_weight": 0.34480574129514696,
    "macro_vix_threshold": 32.57717140323098,
    "macro_vix_position_scale": 0.700800401520224,
    "macro_yc_threshold": 0.14731347657756788,
    "macro_yc_action": 2,
    "macro_rate_threshold": 4.570278929040073,
    "macro_rate_position_scale": 0.5119140633349528,
    "macro_cpi_threshold": 2.074671895187915,
    "macro_cpi_position_scale": 0.6978226063480213,
    "macro_unemp_threshold": 6.73187858369637,
    "macro_unemp_action": 1,
    "macro_risk_stop_adj": 0.7415875209298812,
    "macro_risk_tp_adj": 0.8101616477820788,
    "macro_regime_count_req": 2,
    "ti_enabled": 0,
    "ti_weight": 0.9487799417153636,
    "ti_rsi_overbought": 88,
    "ti_rsi_oversold": 28,
    "ti_adx_threshold": 23,
    "ti_adx_position_scale": 0.7625762030467282,
    "ti_natr_threshold": 6.336271244215803,
    "ti_natr_risk_action": 0,
    "ti_mfi_overbought": 91,
    "ti_mfi_oversold": 23,
    "ti_macdhist_confirm": 1,
    "ti_macdhist_exit_confirm": 0,
    "ensemble_enabled": 1,
    "sig_ma_weight": 0.7205526474577237,
    "sig_bb_weight": 0.3470436571389246,
    "sig_stoch_weight": 0.2918428776158204,
    "sig_macd_weight": 0.7643344390813095,
    "sig_rsi_weight": 0.12217486891256635,
    "sig_buy_threshold": 0.15999511828794197,
    "sig_sell_threshold": -0.3323358997588591,
    "sig_bb_period_idx": 2,
    "sig_stoch_ob": 72,
    "sig_stoch_os": 10,
    "sig_rsi_ob": 64,
    "sig_rsi_os": 37
  }
}