{
  "generation": 59,
  "fitness": 145.367562845399,
  "chromosome": [
    16,
    84,
    0,
    4.47835457612763,
    12.997335905904691,
    24.882346658375546,
    0,
    0.844543002479482,
    17.049977231523286,
    0.9491361802126685,
    -0.8747555948088166,
    2,
    6.00674775244063,
    0.8992340384173347,
    3.206818807168583,
    0.8597850740786834,
    9.233379654128555,
    1,
    0.5751503762708188,
    0.5244466429812251,
    4,
    0,
    0.8877782346576105,
    66,
    24,
    16,
    0.607233129697101,
    2.8970514505774423,
    2,
    94,
    8,
    1,
    0
  ],
  "genes": {
    "ma_short_period": 16,
    "ma_long_period": 84,
    "ma_type": 0,
    "stop_loss_pct": 4.47835457612763,
    "take_profit_pct": 12.997335905904691,
    "position_size_pct": 24.882346658375546,
    "macro_enabled": 0,
    "macro_weight": 0.844543002479482,
    "macro_vix_threshold": 17.049977231523286,
    "macro_vix_position_scale": 0.9491361802126685,
    "macro_yc_threshold": -0.8747555948088166,
    "macro_yc_action": 2,
    "macro_rate_threshold": 6.00674775244063,
    "macro_rate_position_scale": 0.8992340384173347,
    "macro_cpi_threshold": 3.206818807168583,
    "macro_cpi_position_scale": 0.8597850740786834,
    "macro_unemp_threshold": 9.233379654128555,
    "macro_unemp_action": 1,
    "macro_risk_stop_adj": 0.5751503762708188,
    "macro_risk_tp_adj": 0.5244466429812251,
    "macro_regime_count_req": 4,
    "ti_enabled": 0,
    "ti_weight": 0.8877782346576105,
    "ti_rsi_overbought": 66,
    "ti_rsi_oversold": 24,
    "ti_adx_threshold": 16,
    "ti_adx_position_scale": 0.607233129697101,
    "ti_natr_threshold": 2.8970514505774423,
    "ti_natr_risk_action": 2,
    "ti_mfi_overbought": 94,
    "ti_mfi_oversold": 8,
    "ti_macdhist_confirm": 1,
    "ti_macdhist_exit_confirm": 0
  }
}