{
  "generation": 29,
  "fitness": 37.220493449780435,
  "chromosome": [
    7,
    66,
    1,
    8.57313607611351,
    4.33764957241095,
    22.622702560438306,
    1,
    0.9778493167055468,
    41.83890346276911,
    0.3135475083706607,
    0.254446773264307,
    1,
    4.196894023841594,
    0.5360971737985095,
    3.7298830249230335,
    0.34617795343741015,
    9.06920350358017,
    0,
    1.1488556618110417,
    1.1584179083692425,
    1,
    0,
    0.7499162195940915,
    83,
    13,
    34,
    0.834357065918298,
    7.018743566979257,
    1,
    94,
    20,
    1,
    0,
    1,
    0.8889350708336445,
    0.5801404410852659,
    0.845963250959769,
    0.8328498458544892,
    0.37511573649791174,
    0.19547896441419055,
    -0.31868110070584355,
    2,
    78,
    14,
    65,
    18
  ],
  "genes": {
    "ma_short_period": 7,
    "ma_long_period": 66,
    "ma_type": 1,
    "stop_loss_pct": 8.57313607611351,
    "take_profit_pct": 4.33764957241095,
    "position_size_pct": 22.622702560438306,
    "macro_enabled": 1,
    "macro_weight": 0.9778493167055468,
    "macro_vix_threshold": 41.83890346276911,
    "macro_vix_position_scale": 0.3135475083706607,
    "macro_yc_threshold": 0.254446773264307,
    "macro_yc_action": 1,
    "macro_rate_threshold": 4.196894023841594,
    "macro_rate_position_scale": 0.5360971737985095,
    "macro_cpi_threshold": 3.7298830249230335,
    "macro_cpi_position_scale": 0.34617795343741015,
    "macro_unemp_threshold": 9.06920350358017,
    "macro_unemp_action": 0,
    "macro_risk_stop_adj": 1.1488556618110417,
    "macro_risk_tp_adj": 1.1584179083692425,
    "macro_regime_count_req": 1,
    "ti_enabled": 0,
    "ti_weight": 0.7499162195940915,
    "ti_rsi_overbought": 83,
    "ti_rsi_oversold": 13,
    "ti_adx_threshold": 34,
    "ti_adx_position_scale": 0.834357065918298,
    "ti_natr_threshold": 7.018743566979257,
    "ti_natr_risk_action": 1,
    "ti_mfi_overbought": 94,
    "ti_mfi_oversold": 20,
    "ti_macdhist_confirm": 1,
    "ti_macdhist_exit_confirm": 0,
    "ensemble_enabled": 1,
    "sig_ma_weight": 0.8889350708336445,
    "sig_bb_weight": 0.5801404410852659,
    "sig_stoch_weight": 0.845963250959769,
    "sig_macd_weight": 0.8328498458544892,
    "sig_rsi_weight": 0.37511573649791174,
    "sig_buy_threshold": 0.19547896441419055,
    "sig_sell_threshold": -0.31868110070584355,
    "sig_bb_period_idx": 2,
    "sig_stoch_ob": 78,
    "sig_stoch_os": 14,
    "sig_rsi_ob": 65,
    "sig_rsi_os": 18
  }
}