{
  "generation": 39,
  "fitness": 69.72885468482343,
  "chromosome": [
    10,
    64,
    1,
    8.459262798096262,
    10.284852536352417,
    24.960091109816336,
    1,
    0.37526691946382396,
    25.282262301356212,
    0.6512607585848176,
    -0.8972355101844294,
    2,
    6.390974821116968,
    0.6567757139209471,
    2.36592175089727,
    0.48312749866444904,
    8.474097530277048,
    0,
    1.2175797426394646,
    1.8774986998663845,
    3,
    0,
    0.8892655911627241,
    67,
    23,
    22,
    0.5267199238765456,
    6.747257724679459,
    2,
    72,
    23,
    0,
    1,
    1,
    0.704054555118809,
    0.2393337127421339,
    0.1441915612835769,
    0.7885624114923905,
    0.3123237998736317,
    0.197164358813342,
    -0.5499179438675927,
    1,
    70,
    10,
    80,
    36
  ],
  "genes": {
    "ma_short_period": 10,
    "ma_long_period": 64,
    "ma_type": 1,
    "stop_loss_pct": 8.459262798096262,
    "take_profit_pct": 10.284852536352417,
    "position_size_pct": 24.960091109816336,
    "macro_enabled": 1,
    "macro_weight": 0.37526691946382396,
    "macro_vix_threshold": 25.282262301356212,
    "macro_vix_position_scale": 0.6512607585848176,
    "macro_yc_threshold": -0.8972355101844294,
    "macro_yc_action": 2,
    "macro_rate_threshold": 6.390974821116968,
    "macro_rate_position_scale": 0.6567757139209471,
    "macro_cpi_threshold": 2.36592175089727,
    "macro_cpi_position_scale": 0.48312749866444904,
    "macro_unemp_threshold": 8.474097530277048,
    "macro_unemp_action": 0,
    "macro_risk_stop_adj": 1.2175797426394646,
    "macro_risk_tp_adj": 1.8774986998663845,
    "macro_regime_count_req": 3,
    "ti_enabled": 0,
    "ti_weight": 0.8892655911627241,
    "ti_rsi_overbought": 67,
    "ti_rsi_oversold": 23,
    "ti_adx_threshold": 22,
    "ti_adx_position_scale": 0.5267199238765456,
    "ti_natr_threshold": 6.747257724679459,
    "ti_natr_risk_action": 2,
    "ti_mfi_overbought": 72,
    "ti_mfi_oversold": 23,
    "ti_macdhist_confirm": 0,
    "ti_macdhist_exit_confirm": 1,
    "ensemble_enabled": 1,
    "sig_ma_weight": 0.704054555118809,
    "sig_bb_weight": 0.2393337127421339,
    "sig_stoch_weight": 0.1441915612835769,
    "sig_macd_weight": 0.7885624114923905,
    "sig_rsi_weight": 0.3123237998736317,
    "sig_buy_threshold": 0.197164358813342,
    "sig_sell_threshold": -0.5499179438675927,
    "sig_bb_period_idx": 1,
    "sig_stoch_ob": 70,
    "sig_stoch_os": 10,
    "sig_rsi_ob": 80,
    "sig_rsi_os": 36
  }
}