{
  "generation": 9,
  "fitness": 71.314757418064,
  "chromosome": [
    13,
    99,
    0,
    8.78970007770771,
    2.778635983491465,
    24.93918540215097,
    1,
    0.09302663835808822,
    35.170016092524065,
    0.9178299775451675,
    0.28350681345304163,
    0,
    2.011558119379162,
    0.6209206199809041,
    4.2999491630956435,
    0.9549782032731782,
    7.032566583164655,
    2,
    1.1125910362606042,
    1.594335651542645,
    4,
    0,
    0.662443928153949,
    90,
    37,
    28,
    0.4462814119997958,
    6.6246162438428495,
    1,
    95,
    6,
    0,
    1,
    1,
    0.3991105957371216,
    0.027448802127694738,
    0.5559742602422634,
    0.7799369824688629,
    0.41903609023338906,
    0.10474562651730081,
    -0.5497308170335791,
    2,
    73,
    13,
    84,
    32
  ],
  "genes": {
    "ma_short_period": 13,
    "ma_long_period": 99,
    "ma_type": 0,
    "stop_loss_pct": 8.78970007770771,
    "take_profit_pct": 2.778635983491465,
    "position_size_pct": 24.93918540215097,
    "macro_enabled": 1,
    "macro_weight": 0.09302663835808822,
    "macro_vix_threshold": 35.170016092524065,
    "macro_vix_position_scale": 0.9178299775451675,
    "macro_yc_threshold": 0.28350681345304163,
    "macro_yc_action": 0,
    "macro_rate_threshold": 2.011558119379162,
    "macro_rate_position_scale": 0.6209206199809041,
    "macro_cpi_threshold": 4.2999491630956435,
    "macro_cpi_position_scale": 0.9549782032731782,
    "macro_unemp_threshold": 7.032566583164655,
    "macro_unemp_action": 2,
    "macro_risk_stop_adj": 1.1125910362606042,
    "macro_risk_tp_adj": 1.594335651542645,
    "macro_regime_count_req": 4,
    "ti_enabled": 0,
    "ti_weight": 0.662443928153949,
    "ti_rsi_overbought": 90,
    "ti_rsi_oversold": 37,
    "ti_adx_threshold": 28,
    "ti_adx_position_scale": 0.4462814119997958,
    "ti_natr_threshold": 6.6246162438428495,
    "ti_natr_risk_action": 1,
    "ti_mfi_overbought": 95,
    "ti_mfi_oversold": 6,
    "ti_macdhist_confirm": 0,
    "ti_macdhist_exit_confirm": 1,
    "ensemble_enabled": 1,
    "sig_ma_weight": 0.3991105957371216,
    "sig_bb_weight": 0.027448802127694738,
    "sig_stoch_weight": 0.5559742602422634,
    "sig_macd_weight": 0.7799369824688629,
    "sig_rsi_weight": 0.41903609023338906,
    "sig_buy_threshold": 0.10474562651730081,
    "sig_sell_threshold": -0.5497308170335791,
    "sig_bb_period_idx": 2,
    "sig_stoch_ob": 73,
    "sig_stoch_os": 13,
    "sig_rsi_ob": 84,
    "sig_rsi_os": 32
  }
}