{
  "generation": 39,
  "fitness": 23.6953391708279,
  "chromosome": [
    22,
    63,
    1,
    9.68284612392206,
    2.8790234782490067,
    23.92100592530753,
    1,
    0.41129312275179963,
    33.71175539170224,
    0.7156363584926266,
    -0.9512857751778465,
    2,
    2.823541695417905,
    0.6187459127610216,
    7.079659499888299,
    0.6782933042525963,
    5.5284030021981705,
    0,
    1.9962151623521347,
    0.7837294177123246,
    4,
    0,
    0.7006627550273584,
    65,
    34,
    15,
    0.3291333971840862,
    5.934661675040415,
    1,
    90,
    29,
    0,
    0,
    1,
    0.13826919480513367,
    0.7018647080238635,
    0.6905116417483738,
    0.9158957817437384,
    0.8040999307769522,
    0.17946706557032283,
    -0.3644168821964489,
    0,
    88,
    24,
    81,
    32
  ],
  "genes": {
    "ma_short_period": 22,
    "ma_long_period": 63,
    "ma_type": 1,
    "stop_loss_pct": 9.68284612392206,
    "take_profit_pct": 2.8790234782490067,
    "position_size_pct": 23.92100592530753,
    "macro_enabled": 1,
    "macro_weight": 0.41129312275179963,
    "macro_vix_threshold": 33.71175539170224,
    "macro_vix_position_scale": 0.7156363584926266,
    "macro_yc_threshold": -0.9512857751778465,
    "macro_yc_action": 2,
    "macro_rate_threshold": 2.823541695417905,
    "macro_rate_position_scale": 0.6187459127610216,
    "macro_cpi_threshold": 7.079659499888299,
    "macro_cpi_position_scale": 0.6782933042525963,
    "macro_unemp_threshold": 5.5284030021981705,
    "macro_unemp_action": 0,
    "macro_risk_stop_adj": 1.9962151623521347,
    "macro_risk_tp_adj": 0.7837294177123246,
    "macro_regime_count_req": 4,
    "ti_enabled": 0,
    "ti_weight": 0.7006627550273584,
    "ti_rsi_overbought": 65,
    "ti_rsi_oversold": 34,
    "ti_adx_threshold": 15,
    "ti_adx_position_scale": 0.3291333971840862,
    "ti_natr_threshold": 5.934661675040415,
    "ti_natr_risk_action": 1,
    "ti_mfi_overbought": 90,
    "ti_mfi_oversold": 29,
    "ti_macdhist_confirm": 0,
    "ti_macdhist_exit_confirm": 0,
    "ensemble_enabled": 1,
    "sig_ma_weight": 0.13826919480513367,
    "sig_bb_weight": 0.7018647080238635,
    "sig_stoch_weight": 0.6905116417483738,
    "sig_macd_weight": 0.9158957817437384,
    "sig_rsi_weight": 0.8040999307769522,
    "sig_buy_threshold": 0.17946706557032283,
    "sig_sell_threshold": -0.3644168821964489,
    "sig_bb_period_idx": 0,
    "sig_stoch_ob": 88,
    "sig_stoch_os": 24,
    "sig_rsi_ob": 81,
    "sig_rsi_os": 32
  }
}