{
  "generation": 19,
  "fitness": 33.875893281981,
  "chromosome": [
    30,
    53,
    0,
    9.696413378853526,
    14.754856337105723,
    20.3523581549673,
    1,
    0.17490632152835017,
    24.375051993937525,
    0.7167529899116092,
    0.9832209521623627,
    1,
    7.128384217753996,
    0.8481299124059283,
    5.000616190082312,
    0.9696913934661302,
    4.980035061425147,
    0,
    1.156033278396537,
    1.3713540307633298,
    1
  ],
  "genes": {
    "ma_short_period": 30,
    "ma_long_period": 53,
    "ma_type": 0,
    "stop_loss_pct": 9.696413378853526,
    "take_profit_pct": 14.754856337105723,
    "position_size_pct": 20.3523581549673,
    "macro_enabled": 1,
    "macro_weight": 0.17490632152835017,
    "macro_vix_threshold": 24.375051993937525,
    "macro_vix_position_scale": 0.7167529899116092,
    "macro_yc_threshold": 0.9832209521623627,
    "macro_yc_action": 1,
    "macro_rate_threshold": 7.128384217753996,
    "macro_rate_position_scale": 0.8481299124059283,
    "macro_cpi_threshold": 5.000616190082312,
    "macro_cpi_position_scale": 0.9696913934661302,
    "macro_unemp_threshold": 4.980035061425147,
    "macro_unemp_action": 0,
    "macro_risk_stop_adj": 1.156033278396537,
    "macro_risk_tp_adj": 1.3713540307633298,
    "macro_regime_count_req": 1
  }
}