{
  "generation": 19,
  "fitness": 124.25485974210108,
  "chromosome": [
    17,
    88,
    1,
    3.983478914138676,
    12.182648771649989,
    24.448555047510304,
    1,
    0.2746615054955067,
    48.16070491959689,
    0.5864052955458516,
    -0.47722343830294034,
    2,
    7.7926629745279214,
    0.6738945624873642,
    6.24232099585625,
    0.838914724472831,
    7.229491717301353,
    0,
    1.2006240252900664,
    1.1669830018905194,
    4,
    1,
    0.08278147773886602,
    74,
    36,
    40,
    0.541202984460889,
    2.8158028608341414,
    1,
    72,
    20,
    0,
    0
  ],
  "genes": {
    "ma_short_period": 17,
    "ma_long_period": 88,
    "ma_type": 1,
    "stop_loss_pct": 3.983478914138676,
    "take_profit_pct": 12.182648771649989,
    "position_size_pct": 24.448555047510304,
    "macro_enabled": 1,
    "macro_weight": 0.2746615054955067,
    "macro_vix_threshold": 48.16070491959689,
    "macro_vix_position_scale": 0.5864052955458516,
    "macro_yc_threshold": -0.47722343830294034,
    "macro_yc_action": 2,
    "macro_rate_threshold": 7.7926629745279214,
    "macro_rate_position_scale": 0.6738945624873642,
    "macro_cpi_threshold": 6.24232099585625,
    "macro_cpi_position_scale": 0.838914724472831,
    "macro_unemp_threshold": 7.229491717301353,
    "macro_unemp_action": 0,
    "macro_risk_stop_adj": 1.2006240252900664,
    "macro_risk_tp_adj": 1.1669830018905194,
    "macro_regime_count_req": 4,
    "ti_enabled": 1,
    "ti_weight": 0.08278147773886602,
    "ti_rsi_overbought": 74,
    "ti_rsi_oversold": 36,
    "ti_adx_threshold": 40,
    "ti_adx_position_scale": 0.541202984460889,
    "ti_natr_threshold": 2.8158028608341414,
    "ti_natr_risk_action": 1,
    "ti_mfi_overbought": 72,
    "ti_mfi_oversold": 20,
    "ti_macdhist_confirm": 0,
    "ti_macdhist_exit_confirm": 0
  }
}