{
  "generation": 19,
  "fitness": 32.62546702574255,
  "chromosome": [
    28,
    86,
    0,
    9.533906376835763,
    7.159710578762167,
    24.12552412946798,
    0,
    0.3311823247634389,
    22.377351622743376,
    0.7036115871285336,
    0.06997390441824902,
    1,
    6.999018119434585,
    0.7490595990625804,
    2.4907526817391057,
    0.8822792099549084,
    4.559033219192544,
    2,
    1.70840048074728,
    1.528378228613977,
    4,
    0,
    0.536690749288927,
    65,
    11,
    37,
    0.411451660719811,
    7.416178529044338,
    1,
    90,
    24,
    0,
    0,
    1,
    0.38803260364477077,
    0.3538717285734688,
    0.6237434689603616,
    0.800820166432154,
    0.5075689118456594,
    0.36347743845868086,
    -0.5715882711854601,
    0,
    81,
    28,
    66,
    28
  ],
  "genes": {
    "ma_short_period": 28,
    "ma_long_period": 86,
    "ma_type": 0,
    "stop_loss_pct": 9.533906376835763,
    "take_profit_pct": 7.159710578762167,
    "position_size_pct": 24.12552412946798,
    "macro_enabled": 0,
    "macro_weight": 0.3311823247634389,
    "macro_vix_threshold": 22.377351622743376,
    "macro_vix_position_scale": 0.7036115871285336,
    "macro_yc_threshold": 0.06997390441824902,
    "macro_yc_action": 1,
    "macro_rate_threshold": 6.999018119434585,
    "macro_rate_position_scale": 0.7490595990625804,
    "macro_cpi_threshold": 2.4907526817391057,
    "macro_cpi_position_scale": 0.8822792099549084,
    "macro_unemp_threshold": 4.559033219192544,
    "macro_unemp_action": 2,
    "macro_risk_stop_adj": 1.70840048074728,
    "macro_risk_tp_adj": 1.528378228613977,
    "macro_regime_count_req": 4,
    "ti_enabled": 0,
    "ti_weight": 0.536690749288927,
    "ti_rsi_overbought": 65,
    "ti_rsi_oversold": 11,
    "ti_adx_threshold": 37,
    "ti_adx_position_scale": 0.411451660719811,
    "ti_natr_threshold": 7.416178529044338,
    "ti_natr_risk_action": 1,
    "ti_mfi_overbought": 90,
    "ti_mfi_oversold": 24,
    "ti_macdhist_confirm": 0,
    "ti_macdhist_exit_confirm": 0,
    "ensemble_enabled": 1,
    "sig_ma_weight": 0.38803260364477077,
    "sig_bb_weight": 0.3538717285734688,
    "sig_stoch_weight": 0.6237434689603616,
    "sig_macd_weight": 0.800820166432154,
    "sig_rsi_weight": 0.5075689118456594,
    "sig_buy_threshold": 0.36347743845868086,
    "sig_sell_threshold": -0.5715882711854601,
    "sig_bb_period_idx": 0,
    "sig_stoch_ob": 81,
    "sig_stoch_os": 28,
    "sig_rsi_ob": 66,
    "sig_rsi_os": 28
  }
}