{
  "generation": 29,
  "fitness": 35.943011860219976,
  "chromosome": [
    21,
    69,
    1,
    7.361422717294452,
    8.440222337015044,
    24.12552412946798,
    0,
    0.14597173479655812,
    24.520291801307827,
    0.5988834535644743,
    -0.21817667350226122,
    1,
    7.729767537585435,
    0.5185109878474191,
    5.2624991249617,
    0.40400576523766735,
    6.606483928253084,
    0,
    1.9725890175845135,
    1.3663930185000135,
    4,
    0,
    0.8923999598498369,
    82,
    16,
    31,
    0.4838646637888666,
    3.5044457716846353,
    1,
    95,
    14,
    1,
    1,
    1,
    0.07400201655720173,
    0.23266951355966325,
    0.4812814558636679,
    0.4205271315186879,
    0.4176520739709769,
    0.359822362197899,
    -0.2772446666114359,
    1,
    74,
    19,
    62,
    22
  ],
  "genes": {
    "ma_short_period": 21,
    "ma_long_period": 69,
    "ma_type": 1,
    "stop_loss_pct": 7.361422717294452,
    "take_profit_pct": 8.440222337015044,
    "position_size_pct": 24.12552412946798,
    "macro_enabled": 0,
    "macro_weight": 0.14597173479655812,
    "macro_vix_threshold": 24.520291801307827,
    "macro_vix_position_scale": 0.5988834535644743,
    "macro_yc_threshold": -0.21817667350226122,
    "macro_yc_action": 1,
    "macro_rate_threshold": 7.729767537585435,
    "macro_rate_position_scale": 0.5185109878474191,
    "macro_cpi_threshold": 5.2624991249617,
    "macro_cpi_position_scale": 0.40400576523766735,
    "macro_unemp_threshold": 6.606483928253084,
    "macro_unemp_action": 0,
    "macro_risk_stop_adj": 1.9725890175845135,
    "macro_risk_tp_adj": 1.3663930185000135,
    "macro_regime_count_req": 4,
    "ti_enabled": 0,
    "ti_weight": 0.8923999598498369,
    "ti_rsi_overbought": 82,
    "ti_rsi_oversold": 16,
    "ti_adx_threshold": 31,
    "ti_adx_position_scale": 0.4838646637888666,
    "ti_natr_threshold": 3.5044457716846353,
    "ti_natr_risk_action": 1,
    "ti_mfi_overbought": 95,
    "ti_mfi_oversold": 14,
    "ti_macdhist_confirm": 1,
    "ti_macdhist_exit_confirm": 1,
    "ensemble_enabled": 1,
    "sig_ma_weight": 0.07400201655720173,
    "sig_bb_weight": 0.23266951355966325,
    "sig_stoch_weight": 0.4812814558636679,
    "sig_macd_weight": 0.4205271315186879,
    "sig_rsi_weight": 0.4176520739709769,
    "sig_buy_threshold": 0.359822362197899,
    "sig_sell_threshold": -0.2772446666114359,
    "sig_bb_period_idx": 1,
    "sig_stoch_ob": 74,
    "sig_stoch_os": 19,
    "sig_rsi_ob": 62,
    "sig_rsi_os": 22
  }
}