{
  "generation": 19,
  "fitness": 1671.7479440304437,
  "chromosome": [
    21,
    36,
    0,
    9.422595066796234,
    10.446466153105156,
    24.93918540215097,
    0,
    0.8324196499873394,
    47.677825283366495,
    0.3028005636792876,
    -0.8841099131665835,
    2,
    3.1305520904920368,
    0.9950677687431413,
    6.123516678530257,
    0.7877704363178144,
    5.455048489230912,
    0,
    1.0944925267646748,
    0.795775762217807,
    4,
    0,
    0.42206126541859545,
    63,
    29,
    24,
    0.4219115459517678,
    7.645886383266474,
    1,
    93,
    27,
    1,
    0,
    1,
    0.23203342476480304,
    0.44340497099622567,
    0.6218291924547609,
    0.7799369824688629,
    0.5847080358041289,
    0.13212269366916946,
    -0.11057691260315794,
    0,
    86,
    19,
    72,
    20
  ],
  "genes": {
    "ma_short_period": 21,
    "ma_long_period": 36,
    "ma_type": 0,
    "stop_loss_pct": 9.422595066796234,
    "take_profit_pct": 10.446466153105156,
    "position_size_pct": 24.93918540215097,
    "macro_enabled": 0,
    "macro_weight": 0.8324196499873394,
    "macro_vix_threshold": 47.677825283366495,
    "macro_vix_position_scale": 0.3028005636792876,
    "macro_yc_threshold": -0.8841099131665835,
    "macro_yc_action": 2,
    "macro_rate_threshold": 3.1305520904920368,
    "macro_rate_position_scale": 0.9950677687431413,
    "macro_cpi_threshold": 6.123516678530257,
    "macro_cpi_position_scale": 0.7877704363178144,
    "macro_unemp_threshold": 5.455048489230912,
    "macro_unemp_action": 0,
    "macro_risk_stop_adj": 1.0944925267646748,
    "macro_risk_tp_adj": 0.795775762217807,
    "macro_regime_count_req": 4,
    "ti_enabled": 0,
    "ti_weight": 0.42206126541859545,
    "ti_rsi_overbought": 63,
    "ti_rsi_oversold": 29,
    "ti_adx_threshold": 24,
    "ti_adx_position_scale": 0.4219115459517678,
    "ti_natr_threshold": 7.645886383266474,
    "ti_natr_risk_action": 1,
    "ti_mfi_overbought": 93,
    "ti_mfi_oversold": 27,
    "ti_macdhist_confirm": 1,
    "ti_macdhist_exit_confirm": 0,
    "ensemble_enabled": 1,
    "sig_ma_weight": 0.23203342476480304,
    "sig_bb_weight": 0.44340497099622567,
    "sig_stoch_weight": 0.6218291924547609,
    "sig_macd_weight": 0.7799369824688629,
    "sig_rsi_weight": 0.5847080358041289,
    "sig_buy_threshold": 0.13212269366916946,
    "sig_sell_threshold": -0.11057691260315794,
    "sig_bb_period_idx": 0,
    "sig_stoch_ob": 86,
    "sig_stoch_os": 19,
    "sig_rsi_ob": 72,
    "sig_rsi_os": 20
  }
}