{
  "generation": 19,
  "fitness": 32.36609488425335,
  "chromosome": [
    27,
    53,
    0,
    8.57313607611351,
    4.33764957241095,
    23.181975894119763,
    1,
    0.3884190488074609,
    22.40866635672249,
    0.8033111010246696,
    -0.9549665129718836,
    1,
    3.5356068870923254,
    0.40188857717906346,
    3.4971927916197902,
    0.41676741637111014,
    7.6614489335742695,
    0,
    0.7635851350411434,
    1.9929563413335019,
    1,
    0,
    0.7432379036586196,
    60,
    27,
    33,
    0.7178227203792642,
    3.6586330851834212,
    2,
    80,
    15,
    1,
    0,
    1,
    0.8889350708336445,
    0.15905984953231922,
    0.845963250959769,
    0.6956262857049818,
    0.4669593364007907,
    0.2528014117651486,
    -0.3707619914999505,
    1,
    71,
    24,
    78,
    20
  ],
  "genes": {
    "ma_short_period": 27,
    "ma_long_period": 53,
    "ma_type": 0,
    "stop_loss_pct": 8.57313607611351,
    "take_profit_pct": 4.33764957241095,
    "position_size_pct": 23.181975894119763,
    "macro_enabled": 1,
    "macro_weight": 0.3884190488074609,
    "macro_vix_threshold": 22.40866635672249,
    "macro_vix_position_scale": 0.8033111010246696,
    "macro_yc_threshold": -0.9549665129718836,
    "macro_yc_action": 1,
    "macro_rate_threshold": 3.5356068870923254,
    "macro_rate_position_scale": 0.40188857717906346,
    "macro_cpi_threshold": 3.4971927916197902,
    "macro_cpi_position_scale": 0.41676741637111014,
    "macro_unemp_threshold": 7.6614489335742695,
    "macro_unemp_action": 0,
    "macro_risk_stop_adj": 0.7635851350411434,
    "macro_risk_tp_adj": 1.9929563413335019,
    "macro_regime_count_req": 1,
    "ti_enabled": 0,
    "ti_weight": 0.7432379036586196,
    "ti_rsi_overbought": 60,
    "ti_rsi_oversold": 27,
    "ti_adx_threshold": 33,
    "ti_adx_position_scale": 0.7178227203792642,
    "ti_natr_threshold": 3.6586330851834212,
    "ti_natr_risk_action": 2,
    "ti_mfi_overbought": 80,
    "ti_mfi_oversold": 15,
    "ti_macdhist_confirm": 1,
    "ti_macdhist_exit_confirm": 0,
    "ensemble_enabled": 1,
    "sig_ma_weight": 0.8889350708336445,
    "sig_bb_weight": 0.15905984953231922,
    "sig_stoch_weight": 0.845963250959769,
    "sig_macd_weight": 0.6956262857049818,
    "sig_rsi_weight": 0.4669593364007907,
    "sig_buy_threshold": 0.2528014117651486,
    "sig_sell_threshold": -0.3707619914999505,
    "sig_bb_period_idx": 1,
    "sig_stoch_ob": 71,
    "sig_stoch_os": 24,
    "sig_rsi_ob": 78,
    "sig_rsi_os": 20
  }
}