{
  "generation": 19,
  "fitness": 86.79709244921081,
  "chromosome": [
    15,
    83,
    1,
    9.197547963943894,
    10.9602124752601,
    24.9907950417131,
    1,
    0.9425681846564299,
    17.55233207377708,
    0.27486230256398736,
    -0.04335749596191141,
    1,
    7.064329376852315,
    0.898365122040578,
    6.576422626128252,
    0.8834189740547227,
    5.067888371722624,
    2,
    0.7355856400713157,
    1.5301173515282658,
    2,
    0,
    0.3981396427443731,
    75,
    33,
    21,
    0.29875387490952887,
    4.764314553906695,
    1,
    85,
    28,
    1,
    1
  ],
  "genes": {
    "ma_short_period": 15,
    "ma_long_period": 83,
    "ma_type": 1,
    "stop_loss_pct": 9.197547963943894,
    "take_profit_pct": 10.9602124752601,
    "position_size_pct": 24.9907950417131,
    "macro_enabled": 1,
    "macro_weight": 0.9425681846564299,
    "macro_vix_threshold": 17.55233207377708,
    "macro_vix_position_scale": 0.27486230256398736,
    "macro_yc_threshold": -0.04335749596191141,
    "macro_yc_action": 1,
    "macro_rate_threshold": 7.064329376852315,
    "macro_rate_position_scale": 0.898365122040578,
    "macro_cpi_threshold": 6.576422626128252,
    "macro_cpi_position_scale": 0.8834189740547227,
    "macro_unemp_threshold": 5.067888371722624,
    "macro_unemp_action": 2,
    "macro_risk_stop_adj": 0.7355856400713157,
    "macro_risk_tp_adj": 1.5301173515282658,
    "macro_regime_count_req": 2,
    "ti_enabled": 0,
    "ti_weight": 0.3981396427443731,
    "ti_rsi_overbought": 75,
    "ti_rsi_oversold": 33,
    "ti_adx_threshold": 21,
    "ti_adx_position_scale": 0.29875387490952887,
    "ti_natr_threshold": 4.764314553906695,
    "ti_natr_risk_action": 1,
    "ti_mfi_overbought": 85,
    "ti_mfi_oversold": 28,
    "ti_macdhist_confirm": 1,
    "ti_macdhist_exit_confirm": 1
  }
}