{
  "generation": 9,
  "fitness": 32.62468306824476,
  "chromosome": [
    7,
    88,
    1,
    7.159115436049945,
    12.41523566575567,
    21.5910553750745,
    0,
    0.18836008124000791,
    33.1052754952878,
    0.4641798121944407,
    -0.015844364837567904,
    2,
    4.652239890336079,
    0.5237100167313891,
    7.486672448258773,
    0.5725119434258578,
    6.657479507401019,
    0,
    1.0473359649791023,
    0.8327014068366055,
    3,
    1,
    0.3514179203095933,
    82,
    30,
    19,
    0.7913463564758854,
    2.148419520119676,
    1,
    78,
    19,
    0,
    0,
    1,
    0.02569294169173142,
    0.6065258979259119,
    0.057305285272434836,
    0.2824630384295781,
    0.5637195430098458,
    0.18017018880978555,
    -0.700101504055923,
    2,
    85,
    19,
    83,
    19
  ],
  "genes": {
    "ma_short_period": 7,
    "ma_long_period": 88,
    "ma_type": 1,
    "stop_loss_pct": 7.159115436049945,
    "take_profit_pct": 12.41523566575567,
    "position_size_pct": 21.5910553750745,
    "macro_enabled": 0,
    "macro_weight": 0.18836008124000791,
    "macro_vix_threshold": 33.1052754952878,
    "macro_vix_position_scale": 0.4641798121944407,
    "macro_yc_threshold": -0.015844364837567904,
    "macro_yc_action": 2,
    "macro_rate_threshold": 4.652239890336079,
    "macro_rate_position_scale": 0.5237100167313891,
    "macro_cpi_threshold": 7.486672448258773,
    "macro_cpi_position_scale": 0.5725119434258578,
    "macro_unemp_threshold": 6.657479507401019,
    "macro_unemp_action": 0,
    "macro_risk_stop_adj": 1.0473359649791023,
    "macro_risk_tp_adj": 0.8327014068366055,
    "macro_regime_count_req": 3,
    "ti_enabled": 1,
    "ti_weight": 0.3514179203095933,
    "ti_rsi_overbought": 82,
    "ti_rsi_oversold": 30,
    "ti_adx_threshold": 19,
    "ti_adx_position_scale": 0.7913463564758854,
    "ti_natr_threshold": 2.148419520119676,
    "ti_natr_risk_action": 1,
    "ti_mfi_overbought": 78,
    "ti_mfi_oversold": 19,
    "ti_macdhist_confirm": 0,
    "ti_macdhist_exit_confirm": 0,
    "ensemble_enabled": 1,
    "sig_ma_weight": 0.02569294169173142,
    "sig_bb_weight": 0.6065258979259119,
    "sig_stoch_weight": 0.057305285272434836,
    "sig_macd_weight": 0.2824630384295781,
    "sig_rsi_weight": 0.5637195430098458,
    "sig_buy_threshold": 0.18017018880978555,
    "sig_sell_threshold": -0.700101504055923,
    "sig_bb_period_idx": 2,
    "sig_stoch_ob": 85,
    "sig_stoch_os": 19,
    "sig_rsi_ob": 83,
    "sig_rsi_os": 19
  }
}