{
  "generation": 9,
  "fitness": -1000.0,
  "chromosome": [
    12,
    94,
    0,
    6.051205566447517,
    11.308254967991244,
    19.02649947180472,
    1,
    0.2204406220406967,
    35.62429893565681,
    0.8475443653422614,
    -0.987002480643878,
    0,
    5.8869757649175884,
    0.5381753615625943,
    2.9328769988706895,
    0.9700491505447468,
    6.01956727067576,
    0,
    1.069890950956006,
    1.0384690707269426,
    3,
    1,
    0.8071282732743802,
    83,
    24,
    32,
    0.2998609302825675,
    7.5337722321689595,
    0,
    87,
    14,
    1,
    0
  ],
  "genes": {
    "ma_short_period": 12,
    "ma_long_period": 94,
    "ma_type": 0,
    "stop_loss_pct": 6.051205566447517,
    "take_profit_pct": 11.308254967991244,
    "position_size_pct": 19.02649947180472,
    "macro_enabled": 1,
    "macro_weight": 0.2204406220406967,
    "macro_vix_threshold": 35.62429893565681,
    "macro_vix_position_scale": 0.8475443653422614,
    "macro_yc_threshold": -0.987002480643878,
    "macro_yc_action": 0,
    "macro_rate_threshold": 5.8869757649175884,
    "macro_rate_position_scale": 0.5381753615625943,
    "macro_cpi_threshold": 2.9328769988706895,
    "macro_cpi_position_scale": 0.9700491505447468,
    "macro_unemp_threshold": 6.01956727067576,
    "macro_unemp_action": 0,
    "macro_risk_stop_adj": 1.069890950956006,
    "macro_risk_tp_adj": 1.0384690707269426,
    "macro_regime_count_req": 3,
    "ti_enabled": 1,
    "ti_weight": 0.8071282732743802,
    "ti_rsi_overbought": 83,
    "ti_rsi_oversold": 24,
    "ti_adx_threshold": 32,
    "ti_adx_position_scale": 0.2998609302825675,
    "ti_natr_threshold": 7.5337722321689595,
    "ti_natr_risk_action": 0,
    "ti_mfi_overbought": 87,
    "ti_mfi_oversold": 14,
    "ti_macdhist_confirm": 1,
    "ti_macdhist_exit_confirm": 0
  }
}