{
  "generation": 29,
  "fitness": 155.05622321925625,
  "chromosome": [
    13,
    32,
    0,
    8.78547322376863,
    13.784662201499692,
    16.47824610384113,
    1,
    0.22858177969398163,
    28.548478064804314,
    0.4310283421190012,
    0.8690105311639391,
    2,
    2.5874762891834586,
    0.47031361471373,
    3.4480030090744354,
    0.8122982888335595,
    5.85643201681526,
    0,
    1.1382557190578222,
    1.6934178800889101,
    3,
    1,
    0.6918276617359478,
    62,
    29,
    30,
    0.9829795016210687,
    6.1636570198193645,
    1,
    87,
    17,
    1,
    1,
    1,
    0.7386046535089507,
    0.013918655100901178,
    0.1884804512367424,
    0.7602078953730826,
    0.6763895069191068,
    0.11679075826272321,
    -0.3332565695657963,
    1,
    70,
    13,
    75,
    23
  ],
  "genes": {
    "ma_short_period": 13,
    "ma_long_period": 32,
    "ma_type": 0,
    "stop_loss_pct": 8.78547322376863,
    "take_profit_pct": 13.784662201499692,
    "position_size_pct": 16.47824610384113,
    "macro_enabled": 1,
    "macro_weight": 0.22858177969398163,
    "macro_vix_threshold": 28.548478064804314,
    "macro_vix_position_scale": 0.4310283421190012,
    "macro_yc_threshold": 0.8690105311639391,
    "macro_yc_action": 2,
    "macro_rate_threshold": 2.5874762891834586,
    "macro_rate_position_scale": 0.47031361471373,
    "macro_cpi_threshold": 3.4480030090744354,
    "macro_cpi_position_scale": 0.8122982888335595,
    "macro_unemp_threshold": 5.85643201681526,
    "macro_unemp_action": 0,
    "macro_risk_stop_adj": 1.1382557190578222,
    "macro_risk_tp_adj": 1.6934178800889101,
    "macro_regime_count_req": 3,
    "ti_enabled": 1,
    "ti_weight": 0.6918276617359478,
    "ti_rsi_overbought": 62,
    "ti_rsi_oversold": 29,
    "ti_adx_threshold": 30,
    "ti_adx_position_scale": 0.9829795016210687,
    "ti_natr_threshold": 6.1636570198193645,
    "ti_natr_risk_action": 1,
    "ti_mfi_overbought": 87,
    "ti_mfi_oversold": 17,
    "ti_macdhist_confirm": 1,
    "ti_macdhist_exit_confirm": 1,
    "ensemble_enabled": 1,
    "sig_ma_weight": 0.7386046535089507,
    "sig_bb_weight": 0.013918655100901178,
    "sig_stoch_weight": 0.1884804512367424,
    "sig_macd_weight": 0.7602078953730826,
    "sig_rsi_weight": 0.6763895069191068,
    "sig_buy_threshold": 0.11679075826272321,
    "sig_sell_threshold": -0.3332565695657963,
    "sig_bb_period_idx": 1,
    "sig_stoch_ob": 70,
    "sig_stoch_os": 13,
    "sig_rsi_ob": 75,
    "sig_rsi_os": 23
  }
}