{
  "generation": 49,
  "fitness": 74.22004596710363,
  "chromosome": [
    10,
    64,
    1,
    6.373846602845833,
    10.284852536352417,
    24.960091109816336,
    1,
    0.04870945210449229,
    25.282262301356212,
    0.7282825518092604,
    -0.2936175180814604,
    1,
    6.390974821116968,
    0.3990240795853678,
    2.36592175089727,
    0.9481982152927397,
    5.020721675744015,
    2,
    1.451898635811303,
    1.8774986998663845,
    2,
    0,
    0.10356920220955557,
    67,
    23,
    22,
    0.9784979888388541,
    4.191195532145532,
    0,
    78,
    23,
    0,
    0,
    1,
    0.6340741960461707,
    0.2393337127421339,
    0.14098802427118629,
    0.7885624114923905,
    0.16584355203215828,
    0.16447298173030309,
    -0.5916080863729919,
    2,
    79,
    10,
    78,
    32
  ],
  "genes": {
    "ma_short_period": 10,
    "ma_long_period": 64,
    "ma_type": 1,
    "stop_loss_pct": 6.373846602845833,
    "take_profit_pct": 10.284852536352417,
    "position_size_pct": 24.960091109816336,
    "macro_enabled": 1,
    "macro_weight": 0.04870945210449229,
    "macro_vix_threshold": 25.282262301356212,
    "macro_vix_position_scale": 0.7282825518092604,
    "macro_yc_threshold": -0.2936175180814604,
    "macro_yc_action": 1,
    "macro_rate_threshold": 6.390974821116968,
    "macro_rate_position_scale": 0.3990240795853678,
    "macro_cpi_threshold": 2.36592175089727,
    "macro_cpi_position_scale": 0.9481982152927397,
    "macro_unemp_threshold": 5.020721675744015,
    "macro_unemp_action": 2,
    "macro_risk_stop_adj": 1.451898635811303,
    "macro_risk_tp_adj": 1.8774986998663845,
    "macro_regime_count_req": 2,
    "ti_enabled": 0,
    "ti_weight": 0.10356920220955557,
    "ti_rsi_overbought": 67,
    "ti_rsi_oversold": 23,
    "ti_adx_threshold": 22,
    "ti_adx_position_scale": 0.9784979888388541,
    "ti_natr_threshold": 4.191195532145532,
    "ti_natr_risk_action": 0,
    "ti_mfi_overbought": 78,
    "ti_mfi_oversold": 23,
    "ti_macdhist_confirm": 0,
    "ti_macdhist_exit_confirm": 0,
    "ensemble_enabled": 1,
    "sig_ma_weight": 0.6340741960461707,
    "sig_bb_weight": 0.2393337127421339,
    "sig_stoch_weight": 0.14098802427118629,
    "sig_macd_weight": 0.7885624114923905,
    "sig_rsi_weight": 0.16584355203215828,
    "sig_buy_threshold": 0.16447298173030309,
    "sig_sell_threshold": -0.5916080863729919,
    "sig_bb_period_idx": 2,
    "sig_stoch_ob": 79,
    "sig_stoch_os": 10,
    "sig_rsi_ob": 78,
    "sig_rsi_os": 32
  }
}