{
  "generation": 89,
  "fitness": 124.88012884673975,
  "chromosome": [
    8,
    88,
    0,
    5.0847972534363,
    5.957210244442807,
    24.215502617652753,
    0,
    0.8870787698633136,
    39.368532720454624,
    0.43891973819722163,
    0.14731347657756788,
    2,
    5.785549008143298,
    0.5378375140072712,
    2.0979279025872417,
    0.6511784826574288,
    9.397624699529207,
    1,
    0.7415875209298812,
    0.8101616477820788,
    3,
    1,
    0.22313510415865212,
    61,
    28,
    37,
    0.7904960195597523,
    7.359415385068306,
    0,
    71,
    29,
    0,
    0,
    1,
    0.7205526474577237,
    0.1494956387549421,
    0.13519548845672436,
    0.5521739862695516,
    0.7250044241370095,
    0.2288351531531663,
    -0.4769957347115655,
    0,
    81,
    26,
    81,
    37
  ],
  "genes": {
    "ma_short_period": 8,
    "ma_long_period": 88,
    "ma_type": 0,
    "stop_loss_pct": 5.0847972534363,
    "take_profit_pct": 5.957210244442807,
    "position_size_pct": 24.215502617652753,
    "macro_enabled": 0,
    "macro_weight": 0.8870787698633136,
    "macro_vix_threshold": 39.368532720454624,
    "macro_vix_position_scale": 0.43891973819722163,
    "macro_yc_threshold": 0.14731347657756788,
    "macro_yc_action": 2,
    "macro_rate_threshold": 5.785549008143298,
    "macro_rate_position_scale": 0.5378375140072712,
    "macro_cpi_threshold": 2.0979279025872417,
    "macro_cpi_position_scale": 0.6511784826574288,
    "macro_unemp_threshold": 9.397624699529207,
    "macro_unemp_action": 1,
    "macro_risk_stop_adj": 0.7415875209298812,
    "macro_risk_tp_adj": 0.8101616477820788,
    "macro_regime_count_req": 3,
    "ti_enabled": 1,
    "ti_weight": 0.22313510415865212,
    "ti_rsi_overbought": 61,
    "ti_rsi_oversold": 28,
    "ti_adx_threshold": 37,
    "ti_adx_position_scale": 0.7904960195597523,
    "ti_natr_threshold": 7.359415385068306,
    "ti_natr_risk_action": 0,
    "ti_mfi_overbought": 71,
    "ti_mfi_oversold": 29,
    "ti_macdhist_confirm": 0,
    "ti_macdhist_exit_confirm": 0,
    "ensemble_enabled": 1,
    "sig_ma_weight": 0.7205526474577237,
    "sig_bb_weight": 0.1494956387549421,
    "sig_stoch_weight": 0.13519548845672436,
    "sig_macd_weight": 0.5521739862695516,
    "sig_rsi_weight": 0.7250044241370095,
    "sig_buy_threshold": 0.2288351531531663,
    "sig_sell_threshold": -0.4769957347115655,
    "sig_bb_period_idx": 0,
    "sig_stoch_ob": 81,
    "sig_stoch_os": 26,
    "sig_rsi_ob": 81,
    "sig_rsi_os": 37
  }
}