{
  "generation": 9,
  "fitness": 28.001135581402146,
  "chromosome": [
    20,
    99,
    0,
    9.412356319627845,
    5.214808423869059,
    22.73830513179671,
    0,
    0.4562574835174843,
    24.558873469268562,
    0.8646920271138094,
    0.8177171195546309,
    0,
    3.8686578575843185,
    0.3178054908268247,
    3.1441285786764164,
    0.917868281127332,
    6.155823546766139,
    2,
    0.7562381091029721,
    1.1666852231605265,
    3,
    0,
    0.31858914113262604,
    70,
    33,
    21,
    0.9083941541996312,
    7.656017261433556,
    0,
    74,
    30,
    0,
    1,
    1,
    0.03935456137018323,
    0.3848651575270132,
    0.13461555256753777,
    0.802725192114221,
    0.9928553002661505,
    0.24744075836486018,
    -0.5364778680450075,
    2,
    83,
    29,
    78,
    32
  ],
  "genes": {
    "ma_short_period": 20,
    "ma_long_period": 99,
    "ma_type": 0,
    "stop_loss_pct": 9.412356319627845,
    "take_profit_pct": 5.214808423869059,
    "position_size_pct": 22.73830513179671,
    "macro_enabled": 0,
    "macro_weight": 0.4562574835174843,
    "macro_vix_threshold": 24.558873469268562,
    "macro_vix_position_scale": 0.8646920271138094,
    "macro_yc_threshold": 0.8177171195546309,
    "macro_yc_action": 0,
    "macro_rate_threshold": 3.8686578575843185,
    "macro_rate_position_scale": 0.3178054908268247,
    "macro_cpi_threshold": 3.1441285786764164,
    "macro_cpi_position_scale": 0.917868281127332,
    "macro_unemp_threshold": 6.155823546766139,
    "macro_unemp_action": 2,
    "macro_risk_stop_adj": 0.7562381091029721,
    "macro_risk_tp_adj": 1.1666852231605265,
    "macro_regime_count_req": 3,
    "ti_enabled": 0,
    "ti_weight": 0.31858914113262604,
    "ti_rsi_overbought": 70,
    "ti_rsi_oversold": 33,
    "ti_adx_threshold": 21,
    "ti_adx_position_scale": 0.9083941541996312,
    "ti_natr_threshold": 7.656017261433556,
    "ti_natr_risk_action": 0,
    "ti_mfi_overbought": 74,
    "ti_mfi_oversold": 30,
    "ti_macdhist_confirm": 0,
    "ti_macdhist_exit_confirm": 1,
    "ensemble_enabled": 1,
    "sig_ma_weight": 0.03935456137018323,
    "sig_bb_weight": 0.3848651575270132,
    "sig_stoch_weight": 0.13461555256753777,
    "sig_macd_weight": 0.802725192114221,
    "sig_rsi_weight": 0.9928553002661505,
    "sig_buy_threshold": 0.24744075836486018,
    "sig_sell_threshold": -0.5364778680450075,
    "sig_bb_period_idx": 2,
    "sig_stoch_ob": 83,
    "sig_stoch_os": 29,
    "sig_rsi_ob": 78,
    "sig_rsi_os": 32
  }
}