{
  "generation": 9,
  "fitness": 20.301613498289964,
  "chromosome": [
    28,
    34,
    0,
    5.507198455762814,
    8.71785408798424,
    24.42877332926695,
    0,
    0.036806675726227533,
    26.437022463155962,
    0.7910197377035864,
    -0.06732470954698888,
    0,
    3.9288924213331784,
    0.7451215636667304,
    5.050930918536846,
    0.725390289291058,
    5.354122822390208,
    2,
    1.4260440190046375,
    1.8770467500823604,
    2,
    0,
    0.23004357381181084,
    60,
    38,
    34,
    0.8755427109487066,
    3.769560000496808,
    1,
    91,
    17,
    0,
    0,
    0,
    0.03497349522776616,
    0.3849272187768825,
    0.544093633157087,
    0.36669494312740325,
    0.7997142151244204,
    0.55880805477199,
    -0.16473147770800733,
    0,
    84,
    28,
    75,
    37
  ],
  "genes": {
    "ma_short_period": 28,
    "ma_long_period": 34,
    "ma_type": 0,
    "stop_loss_pct": 5.507198455762814,
    "take_profit_pct": 8.71785408798424,
    "position_size_pct": 24.42877332926695,
    "macro_enabled": 0,
    "macro_weight": 0.036806675726227533,
    "macro_vix_threshold": 26.437022463155962,
    "macro_vix_position_scale": 0.7910197377035864,
    "macro_yc_threshold": -0.06732470954698888,
    "macro_yc_action": 0,
    "macro_rate_threshold": 3.9288924213331784,
    "macro_rate_position_scale": 0.7451215636667304,
    "macro_cpi_threshold": 5.050930918536846,
    "macro_cpi_position_scale": 0.725390289291058,
    "macro_unemp_threshold": 5.354122822390208,
    "macro_unemp_action": 2,
    "macro_risk_stop_adj": 1.4260440190046375,
    "macro_risk_tp_adj": 1.8770467500823604,
    "macro_regime_count_req": 2,
    "ti_enabled": 0,
    "ti_weight": 0.23004357381181084,
    "ti_rsi_overbought": 60,
    "ti_rsi_oversold": 38,
    "ti_adx_threshold": 34,
    "ti_adx_position_scale": 0.8755427109487066,
    "ti_natr_threshold": 3.769560000496808,
    "ti_natr_risk_action": 1,
    "ti_mfi_overbought": 91,
    "ti_mfi_oversold": 17,
    "ti_macdhist_confirm": 0,
    "ti_macdhist_exit_confirm": 0,
    "ensemble_enabled": 0,
    "sig_ma_weight": 0.03497349522776616,
    "sig_bb_weight": 0.3849272187768825,
    "sig_stoch_weight": 0.544093633157087,
    "sig_macd_weight": 0.36669494312740325,
    "sig_rsi_weight": 0.7997142151244204,
    "sig_buy_threshold": 0.55880805477199,
    "sig_sell_threshold": -0.16473147770800733,
    "sig_bb_period_idx": 0,
    "sig_stoch_ob": 84,
    "sig_stoch_os": 28,
    "sig_rsi_ob": 75,
    "sig_rsi_os": 37
  }
}