{
  "generation": 29,
  "fitness": 1732.917010042319,
  "chromosome": [
    21,
    36,
    0,
    9.422595066796234,
    10.446466153105156,
    24.74765059858353,
    1,
    0.8324196499873394,
    44.48623186275259,
    0.9385214744893222,
    0.2934131124746062,
    0,
    3.1305520904920368,
    0.9950677687431413,
    4.944348472541662,
    0.7877704363178144,
    8.620174540692812,
    0,
    1.0100598584967735,
    0.9921819412657611,
    4,
    0,
    0.2741181416121846,
    62,
    13,
    40,
    0.4219115459517678,
    3.9071953514477755,
    1,
    92,
    10,
    0,
    1,
    1,
    0.6216270521962395,
    0.7721741422132633,
    0.6218291924547609,
    0.8157416541923052,
    0.330508530279775,
    0.126598290030483,
    -0.11057691260315794,
    0,
    90,
    14,
    72,
    29
  ],
  "genes": {
    "ma_short_period": 21,
    "ma_long_period": 36,
    "ma_type": 0,
    "stop_loss_pct": 9.422595066796234,
    "take_profit_pct": 10.446466153105156,
    "position_size_pct": 24.74765059858353,
    "macro_enabled": 1,
    "macro_weight": 0.8324196499873394,
    "macro_vix_threshold": 44.48623186275259,
    "macro_vix_position_scale": 0.9385214744893222,
    "macro_yc_threshold": 0.2934131124746062,
    "macro_yc_action": 0,
    "macro_rate_threshold": 3.1305520904920368,
    "macro_rate_position_scale": 0.9950677687431413,
    "macro_cpi_threshold": 4.944348472541662,
    "macro_cpi_position_scale": 0.7877704363178144,
    "macro_unemp_threshold": 8.620174540692812,
    "macro_unemp_action": 0,
    "macro_risk_stop_adj": 1.0100598584967735,
    "macro_risk_tp_adj": 0.9921819412657611,
    "macro_regime_count_req": 4,
    "ti_enabled": 0,
    "ti_weight": 0.2741181416121846,
    "ti_rsi_overbought": 62,
    "ti_rsi_oversold": 13,
    "ti_adx_threshold": 40,
    "ti_adx_position_scale": 0.4219115459517678,
    "ti_natr_threshold": 3.9071953514477755,
    "ti_natr_risk_action": 1,
    "ti_mfi_overbought": 92,
    "ti_mfi_oversold": 10,
    "ti_macdhist_confirm": 0,
    "ti_macdhist_exit_confirm": 1,
    "ensemble_enabled": 1,
    "sig_ma_weight": 0.6216270521962395,
    "sig_bb_weight": 0.7721741422132633,
    "sig_stoch_weight": 0.6218291924547609,
    "sig_macd_weight": 0.8157416541923052,
    "sig_rsi_weight": 0.330508530279775,
    "sig_buy_threshold": 0.126598290030483,
    "sig_sell_threshold": -0.11057691260315794,
    "sig_bb_period_idx": 0,
    "sig_stoch_ob": 90,
    "sig_stoch_os": 14,
    "sig_rsi_ob": 72,
    "sig_rsi_os": 29
  }
}