{
  "generation": 9,
  "fitness": 23.205396816001215,
  "chromosome": [
    28,
    63,
    0,
    7.8423467701510114,
    6.577867385775147,
    23.560955003326676,
    0,
    0.6155149159513805,
    26.53302783339901,
    0.6426275847056876,
    -0.7204459749855578,
    1,
    2.450101592426609,
    0.9725452322921153,
    5.400212966931557,
    0.34927169072717085,
    4.047245685875275,
    2,
    0.635568996153453,
    1.2097792788639894,
    3,
    0,
    0.6193815103321031,
    79,
    13,
    33,
    0.6521815390752717,
    3.1404726470137763,
    1,
    76,
    14,
    0,
    0,
    1,
    0.41031894725758966,
    0.8816407083080157,
    0.7900161268853075,
    0.47829904493992315,
    0.07896835065999463,
    0.4333721757962752,
    -0.3874368909709472,
    2,
    79,
    23,
    77,
    29
  ],
  "genes": {
    "ma_short_period": 28,
    "ma_long_period": 63,
    "ma_type": 0,
    "stop_loss_pct": 7.8423467701510114,
    "take_profit_pct": 6.577867385775147,
    "position_size_pct": 23.560955003326676,
    "macro_enabled": 0,
    "macro_weight": 0.6155149159513805,
    "macro_vix_threshold": 26.53302783339901,
    "macro_vix_position_scale": 0.6426275847056876,
    "macro_yc_threshold": -0.7204459749855578,
    "macro_yc_action": 1,
    "macro_rate_threshold": 2.450101592426609,
    "macro_rate_position_scale": 0.9725452322921153,
    "macro_cpi_threshold": 5.400212966931557,
    "macro_cpi_position_scale": 0.34927169072717085,
    "macro_unemp_threshold": 4.047245685875275,
    "macro_unemp_action": 2,
    "macro_risk_stop_adj": 0.635568996153453,
    "macro_risk_tp_adj": 1.2097792788639894,
    "macro_regime_count_req": 3,
    "ti_enabled": 0,
    "ti_weight": 0.6193815103321031,
    "ti_rsi_overbought": 79,
    "ti_rsi_oversold": 13,
    "ti_adx_threshold": 33,
    "ti_adx_position_scale": 0.6521815390752717,
    "ti_natr_threshold": 3.1404726470137763,
    "ti_natr_risk_action": 1,
    "ti_mfi_overbought": 76,
    "ti_mfi_oversold": 14,
    "ti_macdhist_confirm": 0,
    "ti_macdhist_exit_confirm": 0,
    "ensemble_enabled": 1,
    "sig_ma_weight": 0.41031894725758966,
    "sig_bb_weight": 0.8816407083080157,
    "sig_stoch_weight": 0.7900161268853075,
    "sig_macd_weight": 0.47829904493992315,
    "sig_rsi_weight": 0.07896835065999463,
    "sig_buy_threshold": 0.4333721757962752,
    "sig_sell_threshold": -0.3874368909709472,
    "sig_bb_period_idx": 2,
    "sig_stoch_ob": 79,
    "sig_stoch_os": 23,
    "sig_rsi_ob": 77,
    "sig_rsi_os": 29
  }
}