{
  "generation": 29,
  "fitness": 25.73604705790318,
  "chromosome": [
    29,
    51,
    0,
    7.751173801898545,
    4.87777360096187,
    23.560955003326676,
    1,
    0.6704123424252458,
    33.93999129580871,
    0.9160516117509436,
    -0.7894941945792944,
    1,
    1.0128298221539764,
    0.9725452322921153,
    5.400212966931557,
    0.480169954753741,
    5.904022394300537,
    2,
    0.9811128515664884,
    0.6626260291993911,
    4,
    1,
    0.9930241684989909,
    69,
    40,
    29,
    0.8434704155670054,
    3.7851332089603185,
    1,
    79,
    28,
    0,
    0,
    1,
    0.25025192937477037,
    0.8816407083080157,
    0.2873294157057298,
    0.4409271160396929,
    0.07896835065999463,
    0.4333721757962752,
    -0.7328158511500513,
    2,
    82,
    10,
    77,
    29
  ],
  "genes": {
    "ma_short_period": 29,
    "ma_long_period": 51,
    "ma_type": 0,
    "stop_loss_pct": 7.751173801898545,
    "take_profit_pct": 4.87777360096187,
    "position_size_pct": 23.560955003326676,
    "macro_enabled": 1,
    "macro_weight": 0.6704123424252458,
    "macro_vix_threshold": 33.93999129580871,
    "macro_vix_position_scale": 0.9160516117509436,
    "macro_yc_threshold": -0.7894941945792944,
    "macro_yc_action": 1,
    "macro_rate_threshold": 1.0128298221539764,
    "macro_rate_position_scale": 0.9725452322921153,
    "macro_cpi_threshold": 5.400212966931557,
    "macro_cpi_position_scale": 0.480169954753741,
    "macro_unemp_threshold": 5.904022394300537,
    "macro_unemp_action": 2,
    "macro_risk_stop_adj": 0.9811128515664884,
    "macro_risk_tp_adj": 0.6626260291993911,
    "macro_regime_count_req": 4,
    "ti_enabled": 1,
    "ti_weight": 0.9930241684989909,
    "ti_rsi_overbought": 69,
    "ti_rsi_oversold": 40,
    "ti_adx_threshold": 29,
    "ti_adx_position_scale": 0.8434704155670054,
    "ti_natr_threshold": 3.7851332089603185,
    "ti_natr_risk_action": 1,
    "ti_mfi_overbought": 79,
    "ti_mfi_oversold": 28,
    "ti_macdhist_confirm": 0,
    "ti_macdhist_exit_confirm": 0,
    "ensemble_enabled": 1,
    "sig_ma_weight": 0.25025192937477037,
    "sig_bb_weight": 0.8816407083080157,
    "sig_stoch_weight": 0.2873294157057298,
    "sig_macd_weight": 0.4409271160396929,
    "sig_rsi_weight": 0.07896835065999463,
    "sig_buy_threshold": 0.4333721757962752,
    "sig_sell_threshold": -0.7328158511500513,
    "sig_bb_period_idx": 2,
    "sig_stoch_ob": 82,
    "sig_stoch_os": 10,
    "sig_rsi_ob": 77,
    "sig_rsi_os": 29
  }
}