{
  "generation": 19,
  "fitness": 15.107437957417694,
  "chromosome": [
    6,
    33,
    1,
    4.272673467993078,
    3.059780082655571,
    21.101229368355064,
    1,
    0.2618175649425145,
    39.13863201200678,
    0.7202992625776845,
    0.4344368101865357,
    1,
    2.947796309471642,
    0.9658428839023931,
    2.3954665091149856,
    0.31326190078484517,
    7.698528034408538,
    2,
    1.0460521923946142,
    0.6742529784257815,
    3,
    0,
    0.8680353736544103,
    69,
    36,
    30,
    0.22589793285550305,
    7.157504017494864,
    2,
    71,
    13,
    0,
    1,
    0,
    0.5497596605693845,
    0.43018796737230147,
    0.2000628717200581,
    0.9569811037470914,
    0.2562436965621866,
    0.7988397673734123,
    -0.3758751152077821,
    1,
    77,
    14,
    75,
    18
  ],
  "genes": {
    "ma_short_period": 6,
    "ma_long_period": 33,
    "ma_type": 1,
    "stop_loss_pct": 4.272673467993078,
    "take_profit_pct": 3.059780082655571,
    "position_size_pct": 21.101229368355064,
    "macro_enabled": 1,
    "macro_weight": 0.2618175649425145,
    "macro_vix_threshold": 39.13863201200678,
    "macro_vix_position_scale": 0.7202992625776845,
    "macro_yc_threshold": 0.4344368101865357,
    "macro_yc_action": 1,
    "macro_rate_threshold": 2.947796309471642,
    "macro_rate_position_scale": 0.9658428839023931,
    "macro_cpi_threshold": 2.3954665091149856,
    "macro_cpi_position_scale": 0.31326190078484517,
    "macro_unemp_threshold": 7.698528034408538,
    "macro_unemp_action": 2,
    "macro_risk_stop_adj": 1.0460521923946142,
    "macro_risk_tp_adj": 0.6742529784257815,
    "macro_regime_count_req": 3,
    "ti_enabled": 0,
    "ti_weight": 0.8680353736544103,
    "ti_rsi_overbought": 69,
    "ti_rsi_oversold": 36,
    "ti_adx_threshold": 30,
    "ti_adx_position_scale": 0.22589793285550305,
    "ti_natr_threshold": 7.157504017494864,
    "ti_natr_risk_action": 2,
    "ti_mfi_overbought": 71,
    "ti_mfi_oversold": 13,
    "ti_macdhist_confirm": 0,
    "ti_macdhist_exit_confirm": 1,
    "ensemble_enabled": 0,
    "sig_ma_weight": 0.5497596605693845,
    "sig_bb_weight": 0.43018796737230147,
    "sig_stoch_weight": 0.2000628717200581,
    "sig_macd_weight": 0.9569811037470914,
    "sig_rsi_weight": 0.2562436965621866,
    "sig_buy_threshold": 0.7988397673734123,
    "sig_sell_threshold": -0.3758751152077821,
    "sig_bb_period_idx": 1,
    "sig_stoch_ob": 77,
    "sig_stoch_os": 14,
    "sig_rsi_ob": 75,
    "sig_rsi_os": 18
  }
}