{
  "generation": 39,
  "fitness": 91.84827299635513,
  "chromosome": [
    5,
    59,
    1,
    5.1984249468953845,
    12.448858850592146,
    24.12552412946798,
    0,
    0.09603672821112341,
    29.950335748219423,
    0.5288992793801701,
    -0.8499176700236815,
    2,
    6.939608290004763,
    0.9853507708377394,
    5.806169954342627,
    0.37691332846433506,
    8.51859414303541,
    0,
    1.4886498432579711,
    1.7918717594691653,
    4,
    1,
    0.336047519838663,
    68,
    11,
    32,
    0.7628689621557523,
    7.614955022387493,
    1,
    79,
    5,
    1,
    0,
    1,
    0.684523873599276,
    0.6924078807411286,
    0.9106973002474181,
    0.36175643836363014,
    0.7049846185422425,
    0.12442986255001696,
    -0.532519056907726,
    0,
    88,
    19,
    82,
    24
  ],
  "genes": {
    "ma_short_period": 5,
    "ma_long_period": 59,
    "ma_type": 1,
    "stop_loss_pct": 5.1984249468953845,
    "take_profit_pct": 12.448858850592146,
    "position_size_pct": 24.12552412946798,
    "macro_enabled": 0,
    "macro_weight": 0.09603672821112341,
    "macro_vix_threshold": 29.950335748219423,
    "macro_vix_position_scale": 0.5288992793801701,
    "macro_yc_threshold": -0.8499176700236815,
    "macro_yc_action": 2,
    "macro_rate_threshold": 6.939608290004763,
    "macro_rate_position_scale": 0.9853507708377394,
    "macro_cpi_threshold": 5.806169954342627,
    "macro_cpi_position_scale": 0.37691332846433506,
    "macro_unemp_threshold": 8.51859414303541,
    "macro_unemp_action": 0,
    "macro_risk_stop_adj": 1.4886498432579711,
    "macro_risk_tp_adj": 1.7918717594691653,
    "macro_regime_count_req": 4,
    "ti_enabled": 1,
    "ti_weight": 0.336047519838663,
    "ti_rsi_overbought": 68,
    "ti_rsi_oversold": 11,
    "ti_adx_threshold": 32,
    "ti_adx_position_scale": 0.7628689621557523,
    "ti_natr_threshold": 7.614955022387493,
    "ti_natr_risk_action": 1,
    "ti_mfi_overbought": 79,
    "ti_mfi_oversold": 5,
    "ti_macdhist_confirm": 1,
    "ti_macdhist_exit_confirm": 0,
    "ensemble_enabled": 1,
    "sig_ma_weight": 0.684523873599276,
    "sig_bb_weight": 0.6924078807411286,
    "sig_stoch_weight": 0.9106973002474181,
    "sig_macd_weight": 0.36175643836363014,
    "sig_rsi_weight": 0.7049846185422425,
    "sig_buy_threshold": 0.12442986255001696,
    "sig_sell_threshold": -0.532519056907726,
    "sig_bb_period_idx": 0,
    "sig_stoch_ob": 88,
    "sig_stoch_os": 19,
    "sig_rsi_ob": 82,
    "sig_rsi_os": 24
  }
}