{
  "generation": 9,
  "fitness": 31.122215648198924,
  "chromosome": [
    16,
    83,
    1,
    9.533906376835763,
    4.523382197641121,
    24.12552412946798,
    0,
    0.13257333756225476,
    41.53553880285586,
    0.964330686369806,
    0.00863362577820559,
    0,
    2.0915963954135415,
    0.3851155276223397,
    5.2624991249617,
    0.5183700710762866,
    7.154084225076669,
    1,
    1.7187024782229736,
    1.9096266672624702,
    2,
    0,
    0.9012729590245849,
    63,
    11,
    37,
    0.21217347297000214,
    6.534555435116468,
    1,
    87,
    29,
    1,
    1,
    1,
    0.7076040624850799,
    0.6302172646257879,
    0.4330250346392709,
    0.794560520955505,
    0.34382282347702164,
    0.2914695035410497,
    -0.3510040774628522,
    0,
    78,
    19,
    75,
    38
  ],
  "genes": {
    "ma_short_period": 16,
    "ma_long_period": 83,
    "ma_type": 1,
    "stop_loss_pct": 9.533906376835763,
    "take_profit_pct": 4.523382197641121,
    "position_size_pct": 24.12552412946798,
    "macro_enabled": 0,
    "macro_weight": 0.13257333756225476,
    "macro_vix_threshold": 41.53553880285586,
    "macro_vix_position_scale": 0.964330686369806,
    "macro_yc_threshold": 0.00863362577820559,
    "macro_yc_action": 0,
    "macro_rate_threshold": 2.0915963954135415,
    "macro_rate_position_scale": 0.3851155276223397,
    "macro_cpi_threshold": 5.2624991249617,
    "macro_cpi_position_scale": 0.5183700710762866,
    "macro_unemp_threshold": 7.154084225076669,
    "macro_unemp_action": 1,
    "macro_risk_stop_adj": 1.7187024782229736,
    "macro_risk_tp_adj": 1.9096266672624702,
    "macro_regime_count_req": 2,
    "ti_enabled": 0,
    "ti_weight": 0.9012729590245849,
    "ti_rsi_overbought": 63,
    "ti_rsi_oversold": 11,
    "ti_adx_threshold": 37,
    "ti_adx_position_scale": 0.21217347297000214,
    "ti_natr_threshold": 6.534555435116468,
    "ti_natr_risk_action": 1,
    "ti_mfi_overbought": 87,
    "ti_mfi_oversold": 29,
    "ti_macdhist_confirm": 1,
    "ti_macdhist_exit_confirm": 1,
    "ensemble_enabled": 1,
    "sig_ma_weight": 0.7076040624850799,
    "sig_bb_weight": 0.6302172646257879,
    "sig_stoch_weight": 0.4330250346392709,
    "sig_macd_weight": 0.794560520955505,
    "sig_rsi_weight": 0.34382282347702164,
    "sig_buy_threshold": 0.2914695035410497,
    "sig_sell_threshold": -0.3510040774628522,
    "sig_bb_period_idx": 0,
    "sig_stoch_ob": 78,
    "sig_stoch_os": 19,
    "sig_rsi_ob": 75,
    "sig_rsi_os": 38
  }
}