{
  "generation": 9,
  "fitness": 13.60246903057731,
  "chromosome": [
    6,
    33,
    0,
    9.788564757133376,
    3.764093333997335,
    22.091484756730157,
    1,
    0.3825881807853523,
    39.13863201200678,
    0.5637594600131857,
    -0.7961973891080469,
    2,
    2.947796309471642,
    0.9658428839023931,
    6.577977866581285,
    0.8844376404384848,
    8.150707289552738,
    2,
    1.0460521923946142,
    0.7390377328475412,
    3,
    1,
    0.658601342900253,
    83,
    40,
    38,
    0.5310480558145019,
    7.157504017494864,
    2,
    73,
    5,
    0,
    1,
    0,
    0.47356106094612804,
    0.11438944610930657,
    0.25320030662992854,
    0.9247190755506507,
    0.2562436965621866,
    0.35822662202605904,
    -0.756680544368611,
    2,
    75,
    15,
    81,
    18
  ],
  "genes": {
    "ma_short_period": 6,
    "ma_long_period": 33,
    "ma_type": 0,
    "stop_loss_pct": 9.788564757133376,
    "take_profit_pct": 3.764093333997335,
    "position_size_pct": 22.091484756730157,
    "macro_enabled": 1,
    "macro_weight": 0.3825881807853523,
    "macro_vix_threshold": 39.13863201200678,
    "macro_vix_position_scale": 0.5637594600131857,
    "macro_yc_threshold": -0.7961973891080469,
    "macro_yc_action": 2,
    "macro_rate_threshold": 2.947796309471642,
    "macro_rate_position_scale": 0.9658428839023931,
    "macro_cpi_threshold": 6.577977866581285,
    "macro_cpi_position_scale": 0.8844376404384848,
    "macro_unemp_threshold": 8.150707289552738,
    "macro_unemp_action": 2,
    "macro_risk_stop_adj": 1.0460521923946142,
    "macro_risk_tp_adj": 0.7390377328475412,
    "macro_regime_count_req": 3,
    "ti_enabled": 1,
    "ti_weight": 0.658601342900253,
    "ti_rsi_overbought": 83,
    "ti_rsi_oversold": 40,
    "ti_adx_threshold": 38,
    "ti_adx_position_scale": 0.5310480558145019,
    "ti_natr_threshold": 7.157504017494864,
    "ti_natr_risk_action": 2,
    "ti_mfi_overbought": 73,
    "ti_mfi_oversold": 5,
    "ti_macdhist_confirm": 0,
    "ti_macdhist_exit_confirm": 1,
    "ensemble_enabled": 0,
    "sig_ma_weight": 0.47356106094612804,
    "sig_bb_weight": 0.11438944610930657,
    "sig_stoch_weight": 0.25320030662992854,
    "sig_macd_weight": 0.9247190755506507,
    "sig_rsi_weight": 0.2562436965621866,
    "sig_buy_threshold": 0.35822662202605904,
    "sig_sell_threshold": -0.756680544368611,
    "sig_bb_period_idx": 2,
    "sig_stoch_ob": 75,
    "sig_stoch_os": 15,
    "sig_rsi_ob": 81,
    "sig_rsi_os": 18
  }
}