{
  "generation": 9,
  "fitness": 29.341175359693995,
  "chromosome": [
    24,
    71,
    1,
    9.533906376835763,
    12.129564061778806,
    22.499726575514043,
    0,
    0.2656145125313538,
    49.10131646025987,
    0.5759119153902305,
    0.30970736637365426,
    1,
    4.18811569346614,
    0.3795075408998965,
    6.113773522260039,
    0.9148146621395477,
    7.783463722247243,
    0,
    0.8507998767618163,
    1.9096266672624702,
    2,
    0,
    0.48219689883106154,
    78,
    10,
    17,
    0.44596549287057946,
    5.063127271739095,
    0,
    81,
    10,
    0,
    1,
    1,
    0.38803260364477077,
    0.6302172646257879,
    0.3294761863127431,
    0.08062069931530236,
    0.7183746194325712,
    0.252224393725724,
    -0.26746150041962424,
    2,
    81,
    29,
    71,
    31
  ],
  "genes": {
    "ma_short_period": 24,
    "ma_long_period": 71,
    "ma_type": 1,
    "stop_loss_pct": 9.533906376835763,
    "take_profit_pct": 12.129564061778806,
    "position_size_pct": 22.499726575514043,
    "macro_enabled": 0,
    "macro_weight": 0.2656145125313538,
    "macro_vix_threshold": 49.10131646025987,
    "macro_vix_position_scale": 0.5759119153902305,
    "macro_yc_threshold": 0.30970736637365426,
    "macro_yc_action": 1,
    "macro_rate_threshold": 4.18811569346614,
    "macro_rate_position_scale": 0.3795075408998965,
    "macro_cpi_threshold": 6.113773522260039,
    "macro_cpi_position_scale": 0.9148146621395477,
    "macro_unemp_threshold": 7.783463722247243,
    "macro_unemp_action": 0,
    "macro_risk_stop_adj": 0.8507998767618163,
    "macro_risk_tp_adj": 1.9096266672624702,
    "macro_regime_count_req": 2,
    "ti_enabled": 0,
    "ti_weight": 0.48219689883106154,
    "ti_rsi_overbought": 78,
    "ti_rsi_oversold": 10,
    "ti_adx_threshold": 17,
    "ti_adx_position_scale": 0.44596549287057946,
    "ti_natr_threshold": 5.063127271739095,
    "ti_natr_risk_action": 0,
    "ti_mfi_overbought": 81,
    "ti_mfi_oversold": 10,
    "ti_macdhist_confirm": 0,
    "ti_macdhist_exit_confirm": 1,
    "ensemble_enabled": 1,
    "sig_ma_weight": 0.38803260364477077,
    "sig_bb_weight": 0.6302172646257879,
    "sig_stoch_weight": 0.3294761863127431,
    "sig_macd_weight": 0.08062069931530236,
    "sig_rsi_weight": 0.7183746194325712,
    "sig_buy_threshold": 0.252224393725724,
    "sig_sell_threshold": -0.26746150041962424,
    "sig_bb_period_idx": 2,
    "sig_stoch_ob": 81,
    "sig_stoch_os": 29,
    "sig_rsi_ob": 71,
    "sig_rsi_os": 31
  }
}