{
  "generation": 29,
  "fitness": 68.68918341586908,
  "chromosome": [
    16,
    84,
    0,
    3.983478914138676,
    12.531226941601272,
    23.98492785633838,
    0,
    0.10309714975131434,
    47.93907006652645,
    0.9334969680972405,
    -0.5837566015375066,
    1,
    7.560168496797283,
    0.7384333172531823,
    5.399853237330571,
    0.5241021267682358,
    5.538291551937981,
    0,
    0.904345660038502,
    0.6530598051936456,
    1,
    1,
    0.5953762979318745,
    63,
    17,
    31,
    0.7112161695465822,
    5.973085183241029,
    2,
    93,
    8,
    1,
    0
  ],
  "genes": {
    "ma_short_period": 16,
    "ma_long_period": 84,
    "ma_type": 0,
    "stop_loss_pct": 3.983478914138676,
    "take_profit_pct": 12.531226941601272,
    "position_size_pct": 23.98492785633838,
    "macro_enabled": 0,
    "macro_weight": 0.10309714975131434,
    "macro_vix_threshold": 47.93907006652645,
    "macro_vix_position_scale": 0.9334969680972405,
    "macro_yc_threshold": -0.5837566015375066,
    "macro_yc_action": 1,
    "macro_rate_threshold": 7.560168496797283,
    "macro_rate_position_scale": 0.7384333172531823,
    "macro_cpi_threshold": 5.399853237330571,
    "macro_cpi_position_scale": 0.5241021267682358,
    "macro_unemp_threshold": 5.538291551937981,
    "macro_unemp_action": 0,
    "macro_risk_stop_adj": 0.904345660038502,
    "macro_risk_tp_adj": 0.6530598051936456,
    "macro_regime_count_req": 1,
    "ti_enabled": 1,
    "ti_weight": 0.5953762979318745,
    "ti_rsi_overbought": 63,
    "ti_rsi_oversold": 17,
    "ti_adx_threshold": 31,
    "ti_adx_position_scale": 0.7112161695465822,
    "ti_natr_threshold": 5.973085183241029,
    "ti_natr_risk_action": 2,
    "ti_mfi_overbought": 93,
    "ti_mfi_oversold": 8,
    "ti_macdhist_confirm": 1,
    "ti_macdhist_exit_confirm": 0
  }
}