{
  "generation": 9,
  "fitness": 26.716845887912353,
  "chromosome": [
    20,
    51,
    1,
    9.860010924890076,
    9.393139839136072,
    20.99305937202943,
    0,
    0.6818710002913702,
    26.321132635928727,
    0.5629445886034695,
    0.4928860588992856,
    1,
    3.7011990233451546,
    0.3516118098089148,
    2.183033230004897,
    0.7740320558291243,
    6.714103203473176,
    2,
    1.0094004714751756,
    1.4265203600858527,
    2
  ],
  "genes": {
    "ma_short_period": 20,
    "ma_long_period": 51,
    "ma_type": 1,
    "stop_loss_pct": 9.860010924890076,
    "take_profit_pct": 9.393139839136072,
    "position_size_pct": 20.99305937202943,
    "macro_enabled": 0,
    "macro_weight": 0.6818710002913702,
    "macro_vix_threshold": 26.321132635928727,
    "macro_vix_position_scale": 0.5629445886034695,
    "macro_yc_threshold": 0.4928860588992856,
    "macro_yc_action": 1,
    "macro_rate_threshold": 3.7011990233451546,
    "macro_rate_position_scale": 0.3516118098089148,
    "macro_cpi_threshold": 2.183033230004897,
    "macro_cpi_position_scale": 0.7740320558291243,
    "macro_unemp_threshold": 6.714103203473176,
    "macro_unemp_action": 2,
    "macro_risk_stop_adj": 1.0094004714751756,
    "macro_risk_tp_adj": 1.4265203600858527,
    "macro_regime_count_req": 2
  }
}