{
  "generation": 149,
  "fitness": 19.583670158641546,
  "chromosome": [
    27,
    46,
    0,
    9.40613787251539,
    8.102401066829874,
    24.76955915828206,
    0,
    0.04417083296153934,
    40.75186250005321,
    0.9747189002491796,
    -0.13656899776724174,
    0,
    3.46865432936084,
    0.44462594818402335,
    7.291199506167076,
    0.9010615237844259,
    4.081054846380734,
    2,
    1.6257934597894983,
    1.1989914392605105,
    3,
    0,
    0.988431845483374,
    81,
    30,
    24,
    0.9589347570735172,
    2.0067191628508123,
    2,
    70,
    21,
    1,
    0,
    1,
    0.09524005458821538,
    0.13780220823592904,
    0.8162673260767945,
    0.7885624114923905,
    0.16115977808217508,
    0.17447879259036903,
    -0.6756600757902513,
    2,
    74,
    30,
    84,
    23
  ],
  "genes": {
    "ma_short_period": 27,
    "ma_long_period": 46,
    "ma_type": 0,
    "stop_loss_pct": 9.40613787251539,
    "take_profit_pct": 8.102401066829874,
    "position_size_pct": 24.76955915828206,
    "macro_enabled": 0,
    "macro_weight": 0.04417083296153934,
    "macro_vix_threshold": 40.75186250005321,
    "macro_vix_position_scale": 0.9747189002491796,
    "macro_yc_threshold": -0.13656899776724174,
    "macro_yc_action": 0,
    "macro_rate_threshold": 3.46865432936084,
    "macro_rate_position_scale": 0.44462594818402335,
    "macro_cpi_threshold": 7.291199506167076,
    "macro_cpi_position_scale": 0.9010615237844259,
    "macro_unemp_threshold": 4.081054846380734,
    "macro_unemp_action": 2,
    "macro_risk_stop_adj": 1.6257934597894983,
    "macro_risk_tp_adj": 1.1989914392605105,
    "macro_regime_count_req": 3,
    "ti_enabled": 0,
    "ti_weight": 0.988431845483374,
    "ti_rsi_overbought": 81,
    "ti_rsi_oversold": 30,
    "ti_adx_threshold": 24,
    "ti_adx_position_scale": 0.9589347570735172,
    "ti_natr_threshold": 2.0067191628508123,
    "ti_natr_risk_action": 2,
    "ti_mfi_overbought": 70,
    "ti_mfi_oversold": 21,
    "ti_macdhist_confirm": 1,
    "ti_macdhist_exit_confirm": 0,
    "ensemble_enabled": 1,
    "sig_ma_weight": 0.09524005458821538,
    "sig_bb_weight": 0.13780220823592904,
    "sig_stoch_weight": 0.8162673260767945,
    "sig_macd_weight": 0.7885624114923905,
    "sig_rsi_weight": 0.16115977808217508,
    "sig_buy_threshold": 0.17447879259036903,
    "sig_sell_threshold": -0.6756600757902513,
    "sig_bb_period_idx": 2,
    "sig_stoch_ob": 74,
    "sig_stoch_os": 30,
    "sig_rsi_ob": 84,
    "sig_rsi_os": 23
  }
}