{
  "generation": 9,
  "fitness": 62.34946958755462,
  "chromosome": [
    13,
    83,
    1,
    8.901641364853706,
    12.734549779469823,
    24.46231527958741
  ],
  "genes": {
    "ma_short_period": 13,
    "ma_long_period": 83,
    "ma_type": 1,
    "stop_loss_pct": 8.901641364853706,
    "take_profit_pct": 12.734549779469823,
    "position_size_pct": 24.46231527958741
  }
}