{
  "generation": 59,
  "fitness": 26.674044917113736,
  "chromosome": [
    21,
    30,
    1,
    9.904505341688855,
    8.530168205300843,
    23.330297286208165,
    0,
    0.995563835142247,
    30.365488838568275,
    0.7180766336872997,
    0.6616533064313068,
    1,
    3.8392303937928447,
    0.9447672293241216,
    2.7653956106227513,
    0.971517539887705,
    7.467865891990812,
    2,
    0.7365211876331261,
    1.3663930185000135,
    4,
    0,
    0.6844239257726842,
    61,
    21,
    16,
    0.8921881152407678,
    2.021193228427643,
    2,
    70,
    26,
    0,
    1,
    1,
    0.6923391014090493,
    0.48334895663020094,
    0.6085950845647253,
    0.7489100470192842,
    0.10486207552927118,
    0.12780717142173753,
    -0.31909453639727625,
    1,
    90,
    20,
    60,
    40
  ],
  "genes": {
    "ma_short_period": 21,
    "ma_long_period": 30,
    "ma_type": 1,
    "stop_loss_pct": 9.904505341688855,
    "take_profit_pct": 8.530168205300843,
    "position_size_pct": 23.330297286208165,
    "macro_enabled": 0,
    "macro_weight": 0.995563835142247,
    "macro_vix_threshold": 30.365488838568275,
    "macro_vix_position_scale": 0.7180766336872997,
    "macro_yc_threshold": 0.6616533064313068,
    "macro_yc_action": 1,
    "macro_rate_threshold": 3.8392303937928447,
    "macro_rate_position_scale": 0.9447672293241216,
    "macro_cpi_threshold": 2.7653956106227513,
    "macro_cpi_position_scale": 0.971517539887705,
    "macro_unemp_threshold": 7.467865891990812,
    "macro_unemp_action": 2,
    "macro_risk_stop_adj": 0.7365211876331261,
    "macro_risk_tp_adj": 1.3663930185000135,
    "macro_regime_count_req": 4,
    "ti_enabled": 0,
    "ti_weight": 0.6844239257726842,
    "ti_rsi_overbought": 61,
    "ti_rsi_oversold": 21,
    "ti_adx_threshold": 16,
    "ti_adx_position_scale": 0.8921881152407678,
    "ti_natr_threshold": 2.021193228427643,
    "ti_natr_risk_action": 2,
    "ti_mfi_overbought": 70,
    "ti_mfi_oversold": 26,
    "ti_macdhist_confirm": 0,
    "ti_macdhist_exit_confirm": 1,
    "ensemble_enabled": 1,
    "sig_ma_weight": 0.6923391014090493,
    "sig_bb_weight": 0.48334895663020094,
    "sig_stoch_weight": 0.6085950845647253,
    "sig_macd_weight": 0.7489100470192842,
    "sig_rsi_weight": 0.10486207552927118,
    "sig_buy_threshold": 0.12780717142173753,
    "sig_sell_threshold": -0.31909453639727625,
    "sig_bb_period_idx": 1,
    "sig_stoch_ob": 90,
    "sig_stoch_os": 20,
    "sig_rsi_ob": 60,
    "sig_rsi_os": 40
  }
}