{
  "generation": 9,
  "fitness": 22.21557516844638,
  "chromosome": [
    14,
    88,
    1,
    5.565940717796494,
    10.424184275445635,
    24.913716004640175,
    1,
    0.7571887556391934,
    30.754043169390947,
    0.8441589218084962,
    -0.7590393412554068,
    1,
    3.2231831243385187,
    0.9233684706933134,
    2.71627913516613,
    0.8988151353141682,
    7.1709071699975,
    2,
    1.655496924666288,
    1.0513415759230251,
    2,
    1,
    0.4271057150988212,
    67,
    36,
    36,
    0.22199229927375796,
    2.1958391322855455,
    2,
    92,
    18,
    0,
    0
  ],
  "genes": {
    "ma_short_period": 14,
    "ma_long_period": 88,
    "ma_type": 1,
    "stop_loss_pct": 5.565940717796494,
    "take_profit_pct": 10.424184275445635,
    "position_size_pct": 24.913716004640175,
    "macro_enabled": 1,
    "macro_weight": 0.7571887556391934,
    "macro_vix_threshold": 30.754043169390947,
    "macro_vix_position_scale": 0.8441589218084962,
    "macro_yc_threshold": -0.7590393412554068,
    "macro_yc_action": 1,
    "macro_rate_threshold": 3.2231831243385187,
    "macro_rate_position_scale": 0.9233684706933134,
    "macro_cpi_threshold": 2.71627913516613,
    "macro_cpi_position_scale": 0.8988151353141682,
    "macro_unemp_threshold": 7.1709071699975,
    "macro_unemp_action": 2,
    "macro_risk_stop_adj": 1.655496924666288,
    "macro_risk_tp_adj": 1.0513415759230251,
    "macro_regime_count_req": 2,
    "ti_enabled": 1,
    "ti_weight": 0.4271057150988212,
    "ti_rsi_overbought": 67,
    "ti_rsi_oversold": 36,
    "ti_adx_threshold": 36,
    "ti_adx_position_scale": 0.22199229927375796,
    "ti_natr_threshold": 2.1958391322855455,
    "ti_natr_risk_action": 2,
    "ti_mfi_overbought": 92,
    "ti_mfi_oversold": 18,
    "ti_macdhist_confirm": 0,
    "ti_macdhist_exit_confirm": 0
  }
}