{
  "generation": 29,
  "fitness": 43.95414690796549,
  "chromosome": [
    16,
    83,
    1,
    9.236138136342008,
    10.208006560330581,
    23.568305048978416,
    0,
    0.49331475775777933,
    49.00976148367283,
    0.8480562591182708,
    0.2611796693674675,
    2,
    5.0917678725935405,
    0.8535995367221914,
    2.8067799917521823,
    0.991514636857646,
    5.1393380831898146,
    2,
    1.8364580607226912,
    1.3548828316113388,
    2,
    0,
    0.4905856180357404,
    67,
    39,
    33,
    0.22828172053290602,
    6.511751018968441,
    1,
    81,
    22,
    0,
    1
  ],
  "genes": {
    "ma_short_period": 16,
    "ma_long_period": 83,
    "ma_type": 1,
    "stop_loss_pct": 9.236138136342008,
    "take_profit_pct": 10.208006560330581,
    "position_size_pct": 23.568305048978416,
    "macro_enabled": 0,
    "macro_weight": 0.49331475775777933,
    "macro_vix_threshold": 49.00976148367283,
    "macro_vix_position_scale": 0.8480562591182708,
    "macro_yc_threshold": 0.2611796693674675,
    "macro_yc_action": 2,
    "macro_rate_threshold": 5.0917678725935405,
    "macro_rate_position_scale": 0.8535995367221914,
    "macro_cpi_threshold": 2.8067799917521823,
    "macro_cpi_position_scale": 0.991514636857646,
    "macro_unemp_threshold": 5.1393380831898146,
    "macro_unemp_action": 2,
    "macro_risk_stop_adj": 1.8364580607226912,
    "macro_risk_tp_adj": 1.3548828316113388,
    "macro_regime_count_req": 2,
    "ti_enabled": 0,
    "ti_weight": 0.4905856180357404,
    "ti_rsi_overbought": 67,
    "ti_rsi_oversold": 39,
    "ti_adx_threshold": 33,
    "ti_adx_position_scale": 0.22828172053290602,
    "ti_natr_threshold": 6.511751018968441,
    "ti_natr_risk_action": 1,
    "ti_mfi_overbought": 81,
    "ti_mfi_oversold": 22,
    "ti_macdhist_confirm": 0,
    "ti_macdhist_exit_confirm": 1
  }
}