{
  "generation": 9,
  "fitness": 57.00933174942464,
  "chromosome": [
    16,
    85,
    0,
    3.983478914138676,
    11.540919547850027,
    22.84803722750692,
    1,
    0.975207494192469,
    25.349791743415086,
    0.6061453396834602,
    0.228557597090298,
    2,
    6.666347284774361,
    0.9724634702581167,
    5.653821268629034,
    0.9708480182857606,
    7.28567533242306,
    0,
    0.7651927172262232,
    1.7996718327602015,
    2,
    1,
    0.7837535111270744,
    62,
    17,
    26,
    0.919185190994072,
    5.973085183241029,
    0,
    91,
    12,
    0,
    0
  ],
  "genes": {
    "ma_short_period": 16,
    "ma_long_period": 85,
    "ma_type": 0,
    "stop_loss_pct": 3.983478914138676,
    "take_profit_pct": 11.540919547850027,
    "position_size_pct": 22.84803722750692,
    "macro_enabled": 1,
    "macro_weight": 0.975207494192469,
    "macro_vix_threshold": 25.349791743415086,
    "macro_vix_position_scale": 0.6061453396834602,
    "macro_yc_threshold": 0.228557597090298,
    "macro_yc_action": 2,
    "macro_rate_threshold": 6.666347284774361,
    "macro_rate_position_scale": 0.9724634702581167,
    "macro_cpi_threshold": 5.653821268629034,
    "macro_cpi_position_scale": 0.9708480182857606,
    "macro_unemp_threshold": 7.28567533242306,
    "macro_unemp_action": 0,
    "macro_risk_stop_adj": 0.7651927172262232,
    "macro_risk_tp_adj": 1.7996718327602015,
    "macro_regime_count_req": 2,
    "ti_enabled": 1,
    "ti_weight": 0.7837535111270744,
    "ti_rsi_overbought": 62,
    "ti_rsi_oversold": 17,
    "ti_adx_threshold": 26,
    "ti_adx_position_scale": 0.919185190994072,
    "ti_natr_threshold": 5.973085183241029,
    "ti_natr_risk_action": 0,
    "ti_mfi_overbought": 91,
    "ti_mfi_oversold": 12,
    "ti_macdhist_confirm": 0,
    "ti_macdhist_exit_confirm": 0
  }
}