{
  "generation": 89,
  "fitness": 86.57185923890283,
  "chromosome": [
    17,
    64,
    1,
    6.373846602845833,
    10.141757957742009,
    24.960091109816336,
    1,
    0.7791848445114213,
    20.954687879417943,
    0.2984888806738899,
    0.30882649190778544,
    1,
    3.728882633925862,
    0.8512587694554696,
    6.651121170940287,
    0.3014149668959556,
    7.34933833132197,
    2,
    1.2368789263706939,
    1.2082364120336138,
    4,
    0,
    0.25093327505763297,
    71,
    13,
    22,
    0.9784979888388541,
    7.45603591886541,
    1,
    95,
    16,
    1,
    1,
    1,
    0.5688213781679748,
    0.27240682935716687,
    0.1441915612835769,
    0.9129143854544495,
    0.04729733461299235,
    0.17447879259036903,
    -0.4521745919579855,
    2,
    87,
    24,
    69,
    31
  ],
  "genes": {
    "ma_short_period": 17,
    "ma_long_period": 64,
    "ma_type": 1,
    "stop_loss_pct": 6.373846602845833,
    "take_profit_pct": 10.141757957742009,
    "position_size_pct": 24.960091109816336,
    "macro_enabled": 1,
    "macro_weight": 0.7791848445114213,
    "macro_vix_threshold": 20.954687879417943,
    "macro_vix_position_scale": 0.2984888806738899,
    "macro_yc_threshold": 0.30882649190778544,
    "macro_yc_action": 1,
    "macro_rate_threshold": 3.728882633925862,
    "macro_rate_position_scale": 0.8512587694554696,
    "macro_cpi_threshold": 6.651121170940287,
    "macro_cpi_position_scale": 0.3014149668959556,
    "macro_unemp_threshold": 7.34933833132197,
    "macro_unemp_action": 2,
    "macro_risk_stop_adj": 1.2368789263706939,
    "macro_risk_tp_adj": 1.2082364120336138,
    "macro_regime_count_req": 4,
    "ti_enabled": 0,
    "ti_weight": 0.25093327505763297,
    "ti_rsi_overbought": 71,
    "ti_rsi_oversold": 13,
    "ti_adx_threshold": 22,
    "ti_adx_position_scale": 0.9784979888388541,
    "ti_natr_threshold": 7.45603591886541,
    "ti_natr_risk_action": 1,
    "ti_mfi_overbought": 95,
    "ti_mfi_oversold": 16,
    "ti_macdhist_confirm": 1,
    "ti_macdhist_exit_confirm": 1,
    "ensemble_enabled": 1,
    "sig_ma_weight": 0.5688213781679748,
    "sig_bb_weight": 0.27240682935716687,
    "sig_stoch_weight": 0.1441915612835769,
    "sig_macd_weight": 0.9129143854544495,
    "sig_rsi_weight": 0.04729733461299235,
    "sig_buy_threshold": 0.17447879259036903,
    "sig_sell_threshold": -0.4521745919579855,
    "sig_bb_period_idx": 2,
    "sig_stoch_ob": 87,
    "sig_stoch_os": 24,
    "sig_rsi_ob": 69,
    "sig_rsi_os": 31
  }
}