{
  "generation": 29,
  "fitness": 140.4430390226149,
  "chromosome": [
    16,
    84,
    0,
    3.9515502651338594,
    13.361524302807409,
    24.882346658375546,
    1,
    0.9457080495389899,
    47.72773156363235,
    0.7614394203697279,
    0.13328441244352374,
    0,
    5.187954623273468,
    0.3447562088898901,
    2.723496120963027,
    0.4585932423519155,
    7.836714948887993,
    0,
    1.1430853294564576,
    1.5202897661877501,
    3,
    0,
    0.1902403066303372,
    65,
    26,
    19,
    0.5343609271636651,
    2.526762655899173,
    0,
    77,
    16,
    0,
    1
  ],
  "genes": {
    "ma_short_period": 16,
    "ma_long_period": 84,
    "ma_type": 0,
    "stop_loss_pct": 3.9515502651338594,
    "take_profit_pct": 13.361524302807409,
    "position_size_pct": 24.882346658375546,
    "macro_enabled": 1,
    "macro_weight": 0.9457080495389899,
    "macro_vix_threshold": 47.72773156363235,
    "macro_vix_position_scale": 0.7614394203697279,
    "macro_yc_threshold": 0.13328441244352374,
    "macro_yc_action": 0,
    "macro_rate_threshold": 5.187954623273468,
    "macro_rate_position_scale": 0.3447562088898901,
    "macro_cpi_threshold": 2.723496120963027,
    "macro_cpi_position_scale": 0.4585932423519155,
    "macro_unemp_threshold": 7.836714948887993,
    "macro_unemp_action": 0,
    "macro_risk_stop_adj": 1.1430853294564576,
    "macro_risk_tp_adj": 1.5202897661877501,
    "macro_regime_count_req": 3,
    "ti_enabled": 0,
    "ti_weight": 0.1902403066303372,
    "ti_rsi_overbought": 65,
    "ti_rsi_oversold": 26,
    "ti_adx_threshold": 19,
    "ti_adx_position_scale": 0.5343609271636651,
    "ti_natr_threshold": 2.526762655899173,
    "ti_natr_risk_action": 0,
    "ti_mfi_overbought": 77,
    "ti_mfi_oversold": 16,
    "ti_macdhist_confirm": 0,
    "ti_macdhist_exit_confirm": 1
  }
}