{
  "generation": 49,
  "fitness": 27.738740229373967,
  "chromosome": [
    19,
    33,
    1,
    8.009687268108888,
    14.38111616530951,
    24.844649285173865,
    0,
    0.44602650189428417,
    22.424215385300336,
    0.736748967215173,
    -0.1506632953893936,
    2,
    1.2872836549920295,
    0.8018151867902676,
    6.202844410151519,
    0.9077261300275443,
    7.175822362849856,
    2,
    1.7160329921020812,
    1.4789320536702428,
    2,
    0,
    0.018705588931701822,
    85,
    39,
    19,
    0.6938740397215231,
    7.851715832516635,
    1,
    78,
    29,
    1,
    1,
    1,
    0.9933171263160822,
    0.004767417435224575,
    0.4690108293617534,
    0.712615019212091,
    0.5389627487157194,
    0.1258900222115293,
    -0.37368746575560524,
    0,
    87,
    30,
    85,
    36
  ],
  "genes": {
    "ma_short_period": 19,
    "ma_long_period": 33,
    "ma_type": 1,
    "stop_loss_pct": 8.009687268108888,
    "take_profit_pct": 14.38111616530951,
    "position_size_pct": 24.844649285173865,
    "macro_enabled": 0,
    "macro_weight": 0.44602650189428417,
    "macro_vix_threshold": 22.424215385300336,
    "macro_vix_position_scale": 0.736748967215173,
    "macro_yc_threshold": -0.1506632953893936,
    "macro_yc_action": 2,
    "macro_rate_threshold": 1.2872836549920295,
    "macro_rate_position_scale": 0.8018151867902676,
    "macro_cpi_threshold": 6.202844410151519,
    "macro_cpi_position_scale": 0.9077261300275443,
    "macro_unemp_threshold": 7.175822362849856,
    "macro_unemp_action": 2,
    "macro_risk_stop_adj": 1.7160329921020812,
    "macro_risk_tp_adj": 1.4789320536702428,
    "macro_regime_count_req": 2,
    "ti_enabled": 0,
    "ti_weight": 0.018705588931701822,
    "ti_rsi_overbought": 85,
    "ti_rsi_oversold": 39,
    "ti_adx_threshold": 19,
    "ti_adx_position_scale": 0.6938740397215231,
    "ti_natr_threshold": 7.851715832516635,
    "ti_natr_risk_action": 1,
    "ti_mfi_overbought": 78,
    "ti_mfi_oversold": 29,
    "ti_macdhist_confirm": 1,
    "ti_macdhist_exit_confirm": 1,
    "ensemble_enabled": 1,
    "sig_ma_weight": 0.9933171263160822,
    "sig_bb_weight": 0.004767417435224575,
    "sig_stoch_weight": 0.4690108293617534,
    "sig_macd_weight": 0.712615019212091,
    "sig_rsi_weight": 0.5389627487157194,
    "sig_buy_threshold": 0.1258900222115293,
    "sig_sell_threshold": -0.37368746575560524,
    "sig_bb_period_idx": 0,
    "sig_stoch_ob": 87,
    "sig_stoch_os": 30,
    "sig_rsi_ob": 85,
    "sig_rsi_os": 36
  }
}