{
  "generation": 19,
  "fitness": 32.84172444768008,
  "chromosome": [
    25,
    81,
    1,
    9.56979239154371,
    2.689748018256605,
    24.069994953070054,
    0,
    0.5207872200568344,
    37.01455557870682,
    0.340103763907477,
    0.5567596094925338,
    0,
    4.252787046479075,
    0.6916597255207787,
    5.3985697687202245,
    0.77793147572139,
    5.626677728848505,
    1,
    1.4618289040893064,
    1.5379457700292625,
    4,
    0,
    0.5830237024133574,
    83,
    35,
    29,
    0.8574456285251935,
    5.069499884858385,
    1,
    79,
    7,
    0,
    0,
    1,
    0.7359276520167808,
    0.5667170329502452,
    0.8558425042699861,
    0.945595399048908,
    0.4049898354117908,
    0.2572881359220902,
    -0.7747474709944729,
    2,
    89,
    16,
    69,
    33
  ],
  "genes": {
    "ma_short_period": 25,
    "ma_long_period": 81,
    "ma_type": 1,
    "stop_loss_pct": 9.56979239154371,
    "take_profit_pct": 2.689748018256605,
    "position_size_pct": 24.069994953070054,
    "macro_enabled": 0,
    "macro_weight": 0.5207872200568344,
    "macro_vix_threshold": 37.01455557870682,
    "macro_vix_position_scale": 0.340103763907477,
    "macro_yc_threshold": 0.5567596094925338,
    "macro_yc_action": 0,
    "macro_rate_threshold": 4.252787046479075,
    "macro_rate_position_scale": 0.6916597255207787,
    "macro_cpi_threshold": 5.3985697687202245,
    "macro_cpi_position_scale": 0.77793147572139,
    "macro_unemp_threshold": 5.626677728848505,
    "macro_unemp_action": 1,
    "macro_risk_stop_adj": 1.4618289040893064,
    "macro_risk_tp_adj": 1.5379457700292625,
    "macro_regime_count_req": 4,
    "ti_enabled": 0,
    "ti_weight": 0.5830237024133574,
    "ti_rsi_overbought": 83,
    "ti_rsi_oversold": 35,
    "ti_adx_threshold": 29,
    "ti_adx_position_scale": 0.8574456285251935,
    "ti_natr_threshold": 5.069499884858385,
    "ti_natr_risk_action": 1,
    "ti_mfi_overbought": 79,
    "ti_mfi_oversold": 7,
    "ti_macdhist_confirm": 0,
    "ti_macdhist_exit_confirm": 0,
    "ensemble_enabled": 1,
    "sig_ma_weight": 0.7359276520167808,
    "sig_bb_weight": 0.5667170329502452,
    "sig_stoch_weight": 0.8558425042699861,
    "sig_macd_weight": 0.945595399048908,
    "sig_rsi_weight": 0.4049898354117908,
    "sig_buy_threshold": 0.2572881359220902,
    "sig_sell_threshold": -0.7747474709944729,
    "sig_bb_period_idx": 2,
    "sig_stoch_ob": 89,
    "sig_stoch_os": 16,
    "sig_rsi_ob": 69,
    "sig_rsi_os": 33
  }
}