{
  "generation": 169,
  "fitness": 21.33364942974779,
  "chromosome": [
    19,
    71,
    0,
    9.40613787251539,
    14.664474625664699,
    24.76955915828206,
    0,
    0.8296277419401434,
    49.574545017721796,
    0.9747189002491796,
    -0.5336775825257698,
    2,
    6.881109802153617,
    0.5879365081240762,
    5.786345718245064,
    0.48312749866444904,
    4.4555922607436855,
    2,
    0.5818180400134112,
    1.2637100091804325,
    2,
    0,
    0.393815050611216,
    81,
    20,
    33,
    0.8045200992685766,
    4.522852390308479,
    2,
    92,
    23,
    0,
    1,
    1,
    0.11458477382071186,
    0.13780220823592904,
    0.765058356430538,
    0.7885624114923905,
    0.08620094847912763,
    0.18240802131392714,
    -0.3663481394521604,
    0,
    89,
    30,
    68,
    33
  ],
  "genes": {
    "ma_short_period": 19,
    "ma_long_period": 71,
    "ma_type": 0,
    "stop_loss_pct": 9.40613787251539,
    "take_profit_pct": 14.664474625664699,
    "position_size_pct": 24.76955915828206,
    "macro_enabled": 0,
    "macro_weight": 0.8296277419401434,
    "macro_vix_threshold": 49.574545017721796,
    "macro_vix_position_scale": 0.9747189002491796,
    "macro_yc_threshold": -0.5336775825257698,
    "macro_yc_action": 2,
    "macro_rate_threshold": 6.881109802153617,
    "macro_rate_position_scale": 0.5879365081240762,
    "macro_cpi_threshold": 5.786345718245064,
    "macro_cpi_position_scale": 0.48312749866444904,
    "macro_unemp_threshold": 4.4555922607436855,
    "macro_unemp_action": 2,
    "macro_risk_stop_adj": 0.5818180400134112,
    "macro_risk_tp_adj": 1.2637100091804325,
    "macro_regime_count_req": 2,
    "ti_enabled": 0,
    "ti_weight": 0.393815050611216,
    "ti_rsi_overbought": 81,
    "ti_rsi_oversold": 20,
    "ti_adx_threshold": 33,
    "ti_adx_position_scale": 0.8045200992685766,
    "ti_natr_threshold": 4.522852390308479,
    "ti_natr_risk_action": 2,
    "ti_mfi_overbought": 92,
    "ti_mfi_oversold": 23,
    "ti_macdhist_confirm": 0,
    "ti_macdhist_exit_confirm": 1,
    "ensemble_enabled": 1,
    "sig_ma_weight": 0.11458477382071186,
    "sig_bb_weight": 0.13780220823592904,
    "sig_stoch_weight": 0.765058356430538,
    "sig_macd_weight": 0.7885624114923905,
    "sig_rsi_weight": 0.08620094847912763,
    "sig_buy_threshold": 0.18240802131392714,
    "sig_sell_threshold": -0.3663481394521604,
    "sig_bb_period_idx": 0,
    "sig_stoch_ob": 89,
    "sig_stoch_os": 30,
    "sig_rsi_ob": 68,
    "sig_rsi_os": 33
  }
}