{
  "generation": 19,
  "fitness": 28.967463517453545,
  "chromosome": [
    20,
    71,
    0,
    8.442908427486786,
    7.592134875024551,
    21.603115729515064,
    0,
    0.026572317641332277,
    15.809212081475119,
    0.5567472964855233,
    0.1886793687552073,
    2,
    4.611180071244852,
    0.5092389491634227,
    7.219319233058508,
    0.9439422004067524,
    7.0432060687382645,
    1,
    0.7794674478837333,
    1.6777227921615374,
    1,
    0,
    0.6784080995875399,
    74,
    37,
    21,
    0.9906361046768379,
    3.922294815632652,
    1,
    82,
    15,
    1,
    1,
    1,
    0.19201529095962344,
    0.8088138782430199,
    0.23268487886837952,
    0.250503357024222,
    0.18435049568385808,
    0.23746168262602588,
    -0.3302878173601708,
    1,
    77,
    27,
    79,
    31
  ],
  "genes": {
    "ma_short_period": 20,
    "ma_long_period": 71,
    "ma_type": 0,
    "stop_loss_pct": 8.442908427486786,
    "take_profit_pct": 7.592134875024551,
    "position_size_pct": 21.603115729515064,
    "macro_enabled": 0,
    "macro_weight": 0.026572317641332277,
    "macro_vix_threshold": 15.809212081475119,
    "macro_vix_position_scale": 0.5567472964855233,
    "macro_yc_threshold": 0.1886793687552073,
    "macro_yc_action": 2,
    "macro_rate_threshold": 4.611180071244852,
    "macro_rate_position_scale": 0.5092389491634227,
    "macro_cpi_threshold": 7.219319233058508,
    "macro_cpi_position_scale": 0.9439422004067524,
    "macro_unemp_threshold": 7.0432060687382645,
    "macro_unemp_action": 1,
    "macro_risk_stop_adj": 0.7794674478837333,
    "macro_risk_tp_adj": 1.6777227921615374,
    "macro_regime_count_req": 1,
    "ti_enabled": 0,
    "ti_weight": 0.6784080995875399,
    "ti_rsi_overbought": 74,
    "ti_rsi_oversold": 37,
    "ti_adx_threshold": 21,
    "ti_adx_position_scale": 0.9906361046768379,
    "ti_natr_threshold": 3.922294815632652,
    "ti_natr_risk_action": 1,
    "ti_mfi_overbought": 82,
    "ti_mfi_oversold": 15,
    "ti_macdhist_confirm": 1,
    "ti_macdhist_exit_confirm": 1,
    "ensemble_enabled": 1,
    "sig_ma_weight": 0.19201529095962344,
    "sig_bb_weight": 0.8088138782430199,
    "sig_stoch_weight": 0.23268487886837952,
    "sig_macd_weight": 0.250503357024222,
    "sig_rsi_weight": 0.18435049568385808,
    "sig_buy_threshold": 0.23746168262602588,
    "sig_sell_threshold": -0.3302878173601708,
    "sig_bb_period_idx": 1,
    "sig_stoch_ob": 77,
    "sig_stoch_os": 27,
    "sig_rsi_ob": 79,
    "sig_rsi_os": 31
  }
}