{
  "generation": 59,
  "fitness": 112.92523641711313,
  "chromosome": [
    9,
    91,
    0,
    9.238089706183066,
    6.1848661528896285,
    24.215502617652753,
    0,
    0.22930469284268407,
    25.91039760758033,
    0.5434615247124863,
    -0.01049267328695569,
    2,
    5.785549008143298,
    0.8910306037414348,
    5.055818592009745,
    0.3666005777664646,
    6.971661902496177,
    1,
    1.7640247633422137,
    1.1974924495640153,
    1,
    1,
    0.5604126388615516,
    72,
    29,
    31,
    0.9324742060134639,
    6.148307867219011,
    0,
    91,
    19,
    0,
    0,
    1,
    0.7205526474577237,
    0.19671904769527127,
    0.13519548845672436,
    0.57760324045242,
    0.8759334432654778,
    0.27572279556204066,
    -0.5497308170335791,
    2,
    81,
    10,
    81,
    37
  ],
  "genes": {
    "ma_short_period": 9,
    "ma_long_period": 91,
    "ma_type": 0,
    "stop_loss_pct": 9.238089706183066,
    "take_profit_pct": 6.1848661528896285,
    "position_size_pct": 24.215502617652753,
    "macro_enabled": 0,
    "macro_weight": 0.22930469284268407,
    "macro_vix_threshold": 25.91039760758033,
    "macro_vix_position_scale": 0.5434615247124863,
    "macro_yc_threshold": -0.01049267328695569,
    "macro_yc_action": 2,
    "macro_rate_threshold": 5.785549008143298,
    "macro_rate_position_scale": 0.8910306037414348,
    "macro_cpi_threshold": 5.055818592009745,
    "macro_cpi_position_scale": 0.3666005777664646,
    "macro_unemp_threshold": 6.971661902496177,
    "macro_unemp_action": 1,
    "macro_risk_stop_adj": 1.7640247633422137,
    "macro_risk_tp_adj": 1.1974924495640153,
    "macro_regime_count_req": 1,
    "ti_enabled": 1,
    "ti_weight": 0.5604126388615516,
    "ti_rsi_overbought": 72,
    "ti_rsi_oversold": 29,
    "ti_adx_threshold": 31,
    "ti_adx_position_scale": 0.9324742060134639,
    "ti_natr_threshold": 6.148307867219011,
    "ti_natr_risk_action": 0,
    "ti_mfi_overbought": 91,
    "ti_mfi_oversold": 19,
    "ti_macdhist_confirm": 0,
    "ti_macdhist_exit_confirm": 0,
    "ensemble_enabled": 1,
    "sig_ma_weight": 0.7205526474577237,
    "sig_bb_weight": 0.19671904769527127,
    "sig_stoch_weight": 0.13519548845672436,
    "sig_macd_weight": 0.57760324045242,
    "sig_rsi_weight": 0.8759334432654778,
    "sig_buy_threshold": 0.27572279556204066,
    "sig_sell_threshold": -0.5497308170335791,
    "sig_bb_period_idx": 2,
    "sig_stoch_ob": 81,
    "sig_stoch_os": 10,
    "sig_rsi_ob": 81,
    "sig_rsi_os": 37
  }
}