{
  "generation": 29,
  "fitness": 31.43336930005456,
  "chromosome": [
    11,
    76,
    1,
    9.27335899211323,
    9.184113589314233,
    20.451190727034053,
    1,
    0.27379774669219237,
    23.617856047064418,
    0.6130497302247926,
    -0.2972592409165551,
    2,
    7.732897931352415,
    0.8157984122260626,
    6.347746141807926,
    0.4417822708413093,
    5.578796449254619,
    2,
    1.3803472115861188,
    1.6777227921615374,
    2,
    0,
    0.05446416571571133,
    82,
    39,
    34,
    0.9112638600713017,
    3.379664092908004,
    2,
    95,
    20,
    0,
    1,
    1,
    0.25041612728961216,
    0.9328590386406869,
    0.4933660577110234,
    0.32783927962775683,
    0.18435049568385808,
    0.4357196088952322,
    -0.7732677116512079,
    2,
    77,
    28,
    81,
    33
  ],
  "genes": {
    "ma_short_period": 11,
    "ma_long_period": 76,
    "ma_type": 1,
    "stop_loss_pct": 9.27335899211323,
    "take_profit_pct": 9.184113589314233,
    "position_size_pct": 20.451190727034053,
    "macro_enabled": 1,
    "macro_weight": 0.27379774669219237,
    "macro_vix_threshold": 23.617856047064418,
    "macro_vix_position_scale": 0.6130497302247926,
    "macro_yc_threshold": -0.2972592409165551,
    "macro_yc_action": 2,
    "macro_rate_threshold": 7.732897931352415,
    "macro_rate_position_scale": 0.8157984122260626,
    "macro_cpi_threshold": 6.347746141807926,
    "macro_cpi_position_scale": 0.4417822708413093,
    "macro_unemp_threshold": 5.578796449254619,
    "macro_unemp_action": 2,
    "macro_risk_stop_adj": 1.3803472115861188,
    "macro_risk_tp_adj": 1.6777227921615374,
    "macro_regime_count_req": 2,
    "ti_enabled": 0,
    "ti_weight": 0.05446416571571133,
    "ti_rsi_overbought": 82,
    "ti_rsi_oversold": 39,
    "ti_adx_threshold": 34,
    "ti_adx_position_scale": 0.9112638600713017,
    "ti_natr_threshold": 3.379664092908004,
    "ti_natr_risk_action": 2,
    "ti_mfi_overbought": 95,
    "ti_mfi_oversold": 20,
    "ti_macdhist_confirm": 0,
    "ti_macdhist_exit_confirm": 1,
    "ensemble_enabled": 1,
    "sig_ma_weight": 0.25041612728961216,
    "sig_bb_weight": 0.9328590386406869,
    "sig_stoch_weight": 0.4933660577110234,
    "sig_macd_weight": 0.32783927962775683,
    "sig_rsi_weight": 0.18435049568385808,
    "sig_buy_threshold": 0.4357196088952322,
    "sig_sell_threshold": -0.7732677116512079,
    "sig_bb_period_idx": 2,
    "sig_stoch_ob": 77,
    "sig_stoch_os": 28,
    "sig_rsi_ob": 81,
    "sig_rsi_os": 33
  }
}