{
  "generation": 29,
  "fitness": 91.18871998341248,
  "chromosome": [
    5,
    74,
    0,
    5.808421209087218,
    11.286799660186349,
    24.316112187797327,
    0,
    0.8631211680393683,
    17.801316359993745,
    0.6838169263072453,
    -0.8499176700236815,
    0,
    6.939608290004763,
    0.7695061202641118,
    4.634266417552167,
    0.47514516340497154,
    5.014302386620596,
    1,
    1.7884039469387858,
    1.8584981634685365,
    3,
    1,
    0.6109944974931346,
    68,
    39,
    27,
    0.8699102064005064,
    3.872596747674792,
    1,
    72,
    19,
    1,
    1,
    1,
    0.7319154908887929,
    0.8059720987862359,
    0.361088162324412,
    0.6238196194127184,
    0.5172287684466876,
    0.18956089778723734,
    -0.532519056907726,
    2,
    89,
    18,
    75,
    38
  ],
  "genes": {
    "ma_short_period": 5,
    "ma_long_period": 74,
    "ma_type": 0,
    "stop_loss_pct": 5.808421209087218,
    "take_profit_pct": 11.286799660186349,
    "position_size_pct": 24.316112187797327,
    "macro_enabled": 0,
    "macro_weight": 0.8631211680393683,
    "macro_vix_threshold": 17.801316359993745,
    "macro_vix_position_scale": 0.6838169263072453,
    "macro_yc_threshold": -0.8499176700236815,
    "macro_yc_action": 0,
    "macro_rate_threshold": 6.939608290004763,
    "macro_rate_position_scale": 0.7695061202641118,
    "macro_cpi_threshold": 4.634266417552167,
    "macro_cpi_position_scale": 0.47514516340497154,
    "macro_unemp_threshold": 5.014302386620596,
    "macro_unemp_action": 1,
    "macro_risk_stop_adj": 1.7884039469387858,
    "macro_risk_tp_adj": 1.8584981634685365,
    "macro_regime_count_req": 3,
    "ti_enabled": 1,
    "ti_weight": 0.6109944974931346,
    "ti_rsi_overbought": 68,
    "ti_rsi_oversold": 39,
    "ti_adx_threshold": 27,
    "ti_adx_position_scale": 0.8699102064005064,
    "ti_natr_threshold": 3.872596747674792,
    "ti_natr_risk_action": 1,
    "ti_mfi_overbought": 72,
    "ti_mfi_oversold": 19,
    "ti_macdhist_confirm": 1,
    "ti_macdhist_exit_confirm": 1,
    "ensemble_enabled": 1,
    "sig_ma_weight": 0.7319154908887929,
    "sig_bb_weight": 0.8059720987862359,
    "sig_stoch_weight": 0.361088162324412,
    "sig_macd_weight": 0.6238196194127184,
    "sig_rsi_weight": 0.5172287684466876,
    "sig_buy_threshold": 0.18956089778723734,
    "sig_sell_threshold": -0.532519056907726,
    "sig_bb_period_idx": 2,
    "sig_stoch_ob": 89,
    "sig_stoch_os": 18,
    "sig_rsi_ob": 75,
    "sig_rsi_os": 38
  }
}