{
  "generation": 9,
  "fitness": 82.61039166002053,
  "chromosome": [
    26,
    58,
    0,
    5.8531053825527914,
    11.403583356452621,
    24.57274875198587,
    1,
    0.6702955718984903,
    31.55405300306078,
    0.33644235159575625,
    -0.41321621657863794,
    1,
    4.017358276844643,
    0.968370084944701,
    3.927602788880157,
    0.9886910460602698,
    8.688358525437266,
    2,
    0.8626067914047006,
    1.6067887926535913,
    1,
    0,
    0.2793280793507402,
    61,
    35,
    31,
    0.5635432442894159,
    3.1009282147233996,
    0,
    86,
    7,
    1,
    1,
    0,
    0.652144893998522,
    0.7810078131736886,
    0.5582906438454107,
    0.15822391806983183,
    0.6068249994794219,
    0.2654656433792246,
    -0.5155101594332696,
    1,
    85,
    13,
    61,
    16
  ],
  "genes": {
    "ma_short_period": 26,
    "ma_long_period": 58,
    "ma_type": 0,
    "stop_loss_pct": 5.8531053825527914,
    "take_profit_pct": 11.403583356452621,
    "position_size_pct": 24.57274875198587,
    "macro_enabled": 1,
    "macro_weight": 0.6702955718984903,
    "macro_vix_threshold": 31.55405300306078,
    "macro_vix_position_scale": 0.33644235159575625,
    "macro_yc_threshold": -0.41321621657863794,
    "macro_yc_action": 1,
    "macro_rate_threshold": 4.017358276844643,
    "macro_rate_position_scale": 0.968370084944701,
    "macro_cpi_threshold": 3.927602788880157,
    "macro_cpi_position_scale": 0.9886910460602698,
    "macro_unemp_threshold": 8.688358525437266,
    "macro_unemp_action": 2,
    "macro_risk_stop_adj": 0.8626067914047006,
    "macro_risk_tp_adj": 1.6067887926535913,
    "macro_regime_count_req": 1,
    "ti_enabled": 0,
    "ti_weight": 0.2793280793507402,
    "ti_rsi_overbought": 61,
    "ti_rsi_oversold": 35,
    "ti_adx_threshold": 31,
    "ti_adx_position_scale": 0.5635432442894159,
    "ti_natr_threshold": 3.1009282147233996,
    "ti_natr_risk_action": 0,
    "ti_mfi_overbought": 86,
    "ti_mfi_oversold": 7,
    "ti_macdhist_confirm": 1,
    "ti_macdhist_exit_confirm": 1,
    "ensemble_enabled": 0,
    "sig_ma_weight": 0.652144893998522,
    "sig_bb_weight": 0.7810078131736886,
    "sig_stoch_weight": 0.5582906438454107,
    "sig_macd_weight": 0.15822391806983183,
    "sig_rsi_weight": 0.6068249994794219,
    "sig_buy_threshold": 0.2654656433792246,
    "sig_sell_threshold": -0.5155101594332696,
    "sig_bb_period_idx": 1,
    "sig_stoch_ob": 85,
    "sig_stoch_os": 13,
    "sig_rsi_ob": 61,
    "sig_rsi_os": 16
  }
}