{
  "generation": 19,
  "fitness": 5800.4316046313315,
  "chromosome": [
    26,
    96,
    1,
    9.412356319627845,
    14.830079569571932,
    22.666386929891114,
    0,
    0.2656145125313538,
    27.93070901434386,
    0.4147164304393803,
    -0.731430532323573,
    0,
    1.0652081981897248,
    0.734811478845165,
    3.915996083403895,
    0.4052937024300234,
    5.199965844832497,
    0,
    0.9254171638594466,
    1.8998890669905637,
    1,
    1,
    0.36952708873888396,
    62,
    34,
    40,
    0.41104962686420665,
    2.496765644237832,
    0,
    90,
    18,
    1,
    1
  ],
  "genes": {
    "ma_short_period": 26,
    "ma_long_period": 96,
    "ma_type": 1,
    "stop_loss_pct": 9.412356319627845,
    "take_profit_pct": 14.830079569571932,
    "position_size_pct": 22.666386929891114,
    "macro_enabled": 0,
    "macro_weight": 0.2656145125313538,
    "macro_vix_threshold": 27.93070901434386,
    "macro_vix_position_scale": 0.4147164304393803,
    "macro_yc_threshold": -0.731430532323573,
    "macro_yc_action": 0,
    "macro_rate_threshold": 1.0652081981897248,
    "macro_rate_position_scale": 0.734811478845165,
    "macro_cpi_threshold": 3.915996083403895,
    "macro_cpi_position_scale": 0.4052937024300234,
    "macro_unemp_threshold": 5.199965844832497,
    "macro_unemp_action": 0,
    "macro_risk_stop_adj": 0.9254171638594466,
    "macro_risk_tp_adj": 1.8998890669905637,
    "macro_regime_count_req": 1,
    "ti_enabled": 1,
    "ti_weight": 0.36952708873888396,
    "ti_rsi_overbought": 62,
    "ti_rsi_oversold": 34,
    "ti_adx_threshold": 40,
    "ti_adx_position_scale": 0.41104962686420665,
    "ti_natr_threshold": 2.496765644237832,
    "ti_natr_risk_action": 0,
    "ti_mfi_overbought": 90,
    "ti_mfi_oversold": 18,
    "ti_macdhist_confirm": 1,
    "ti_macdhist_exit_confirm": 1
  }
}