{
  "generation": 19,
  "fitness": 89.45861508311566,
  "chromosome": [
    8,
    78,
    0,
    9.238089706183066,
    12.297313422625159,
    22.83975847008254,
    1,
    0.44762359603511104,
    32.57717140323098,
    0.5434615247124863,
    -0.027743116419853164,
    2,
    3.0638487914511523,
    0.6310786874241119,
    7.95977075695763,
    0.9568227476121773,
    7.032566583164655,
    0,
    0.7415875209298812,
    0.8101616477820788,
    2,
    0,
    0.5668930818479656,
    76,
    13,
    37,
    0.9712896280348913,
    7.584379533785192,
    1,
    89,
    9,
    0,
    0,
    1,
    0.7205526474577237,
    0.6447164363093005,
    0.17324338817796303,
    0.7643344390813095,
    0.06870792349304178,
    0.15999511828794197,
    -0.6734474697621761,
    0,
    81,
    14,
    60,
    24
  ],
  "genes": {
    "ma_short_period": 8,
    "ma_long_period": 78,
    "ma_type": 0,
    "stop_loss_pct": 9.238089706183066,
    "take_profit_pct": 12.297313422625159,
    "position_size_pct": 22.83975847008254,
    "macro_enabled": 1,
    "macro_weight": 0.44762359603511104,
    "macro_vix_threshold": 32.57717140323098,
    "macro_vix_position_scale": 0.5434615247124863,
    "macro_yc_threshold": -0.027743116419853164,
    "macro_yc_action": 2,
    "macro_rate_threshold": 3.0638487914511523,
    "macro_rate_position_scale": 0.6310786874241119,
    "macro_cpi_threshold": 7.95977075695763,
    "macro_cpi_position_scale": 0.9568227476121773,
    "macro_unemp_threshold": 7.032566583164655,
    "macro_unemp_action": 0,
    "macro_risk_stop_adj": 0.7415875209298812,
    "macro_risk_tp_adj": 0.8101616477820788,
    "macro_regime_count_req": 2,
    "ti_enabled": 0,
    "ti_weight": 0.5668930818479656,
    "ti_rsi_overbought": 76,
    "ti_rsi_oversold": 13,
    "ti_adx_threshold": 37,
    "ti_adx_position_scale": 0.9712896280348913,
    "ti_natr_threshold": 7.584379533785192,
    "ti_natr_risk_action": 1,
    "ti_mfi_overbought": 89,
    "ti_mfi_oversold": 9,
    "ti_macdhist_confirm": 0,
    "ti_macdhist_exit_confirm": 0,
    "ensemble_enabled": 1,
    "sig_ma_weight": 0.7205526474577237,
    "sig_bb_weight": 0.6447164363093005,
    "sig_stoch_weight": 0.17324338817796303,
    "sig_macd_weight": 0.7643344390813095,
    "sig_rsi_weight": 0.06870792349304178,
    "sig_buy_threshold": 0.15999511828794197,
    "sig_sell_threshold": -0.6734474697621761,
    "sig_bb_period_idx": 0,
    "sig_stoch_ob": 81,
    "sig_stoch_os": 14,
    "sig_rsi_ob": 60,
    "sig_rsi_os": 24
  }
}