{
  "generation": 19,
  "fitness": 22.558483996456758,
  "chromosome": [
    18,
    63,
    1,
    8.508111291055366,
    4.514991502950892,
    19.560013409012655,
    1,
    0.5088720150695117,
    44.988999124826094,
    0.5781806502123672,
    0.6616533064313068,
    1,
    7.098648838278794,
    0.5593235096004145,
    3.5031795812830495,
    0.533153198539008,
    7.213943913235086,
    1,
    0.7365211876331261,
    1.9354193499168357,
    1,
    0,
    0.17679362320217573,
    71,
    21,
    17,
    0.9071545158763876,
    2.021193228427643,
    2,
    70,
    29,
    0,
    1,
    1,
    0.26035035645800564,
    0.6949274216114196,
    0.632996584201486,
    0.9574574751348028,
    0.7361681482294143,
    0.12780717142173753,
    -0.799074341542355,
    1,
    80,
    30,
    60,
    40
  ],
  "genes": {
    "ma_short_period": 18,
    "ma_long_period": 63,
    "ma_type": 1,
    "stop_loss_pct": 8.508111291055366,
    "take_profit_pct": 4.514991502950892,
    "position_size_pct": 19.560013409012655,
    "macro_enabled": 1,
    "macro_weight": 0.5088720150695117,
    "macro_vix_threshold": 44.988999124826094,
    "macro_vix_position_scale": 0.5781806502123672,
    "macro_yc_threshold": 0.6616533064313068,
    "macro_yc_action": 1,
    "macro_rate_threshold": 7.098648838278794,
    "macro_rate_position_scale": 0.5593235096004145,
    "macro_cpi_threshold": 3.5031795812830495,
    "macro_cpi_position_scale": 0.533153198539008,
    "macro_unemp_threshold": 7.213943913235086,
    "macro_unemp_action": 1,
    "macro_risk_stop_adj": 0.7365211876331261,
    "macro_risk_tp_adj": 1.9354193499168357,
    "macro_regime_count_req": 1,
    "ti_enabled": 0,
    "ti_weight": 0.17679362320217573,
    "ti_rsi_overbought": 71,
    "ti_rsi_oversold": 21,
    "ti_adx_threshold": 17,
    "ti_adx_position_scale": 0.9071545158763876,
    "ti_natr_threshold": 2.021193228427643,
    "ti_natr_risk_action": 2,
    "ti_mfi_overbought": 70,
    "ti_mfi_oversold": 29,
    "ti_macdhist_confirm": 0,
    "ti_macdhist_exit_confirm": 1,
    "ensemble_enabled": 1,
    "sig_ma_weight": 0.26035035645800564,
    "sig_bb_weight": 0.6949274216114196,
    "sig_stoch_weight": 0.632996584201486,
    "sig_macd_weight": 0.9574574751348028,
    "sig_rsi_weight": 0.7361681482294143,
    "sig_buy_threshold": 0.12780717142173753,
    "sig_sell_threshold": -0.799074341542355,
    "sig_bb_period_idx": 1,
    "sig_stoch_ob": 80,
    "sig_stoch_os": 30,
    "sig_rsi_ob": 60,
    "sig_rsi_os": 40
  }
}