{
  "generation": 9,
  "fitness": 47.306668318886494,
  "chromosome": [
    10,
    64,
    0,
    9.162403979921551,
    13.35689583904614,
    22.563532969653373,
    1,
    0.6047112734978373,
    38.07720132195705,
    0.9747189002491796,
    0.7477416441401374,
    0,
    1.8033007531582461,
    0.8384401784317599,
    2.5563771970723908,
    0.6958547318672554,
    9.083649088809715,
    2,
    1.2308460023249792,
    1.0513415759230251,
    3,
    0,
    0.8630126354560587,
    90,
    27,
    24,
    0.5267199238765456,
    6.493511406776389,
    0,
    93,
    9,
    1,
    0,
    0,
    0.8672609666898103,
    0.6135445864767751,
    0.1441915612835769,
    0.3510234207369818,
    0.16584355203215828,
    0.2002760432394204,
    -0.33985875561424317,
    0,
    74,
    11,
    84,
    26
  ],
  "genes": {
    "ma_short_period": 10,
    "ma_long_period": 64,
    "ma_type": 0,
    "stop_loss_pct": 9.162403979921551,
    "take_profit_pct": 13.35689583904614,
    "position_size_pct": 22.563532969653373,
    "macro_enabled": 1,
    "macro_weight": 0.6047112734978373,
    "macro_vix_threshold": 38.07720132195705,
    "macro_vix_position_scale": 0.9747189002491796,
    "macro_yc_threshold": 0.7477416441401374,
    "macro_yc_action": 0,
    "macro_rate_threshold": 1.8033007531582461,
    "macro_rate_position_scale": 0.8384401784317599,
    "macro_cpi_threshold": 2.5563771970723908,
    "macro_cpi_position_scale": 0.6958547318672554,
    "macro_unemp_threshold": 9.083649088809715,
    "macro_unemp_action": 2,
    "macro_risk_stop_adj": 1.2308460023249792,
    "macro_risk_tp_adj": 1.0513415759230251,
    "macro_regime_count_req": 3,
    "ti_enabled": 0,
    "ti_weight": 0.8630126354560587,
    "ti_rsi_overbought": 90,
    "ti_rsi_oversold": 27,
    "ti_adx_threshold": 24,
    "ti_adx_position_scale": 0.5267199238765456,
    "ti_natr_threshold": 6.493511406776389,
    "ti_natr_risk_action": 0,
    "ti_mfi_overbought": 93,
    "ti_mfi_oversold": 9,
    "ti_macdhist_confirm": 1,
    "ti_macdhist_exit_confirm": 0,
    "ensemble_enabled": 0,
    "sig_ma_weight": 0.8672609666898103,
    "sig_bb_weight": 0.6135445864767751,
    "sig_stoch_weight": 0.1441915612835769,
    "sig_macd_weight": 0.3510234207369818,
    "sig_rsi_weight": 0.16584355203215828,
    "sig_buy_threshold": 0.2002760432394204,
    "sig_sell_threshold": -0.33985875561424317,
    "sig_bb_period_idx": 0,
    "sig_stoch_ob": 74,
    "sig_stoch_os": 11,
    "sig_rsi_ob": 84,
    "sig_rsi_os": 26
  }
}