{
  "generation": 9,
  "fitness": 24.2848297315061,
  "chromosome": [
    18,
    58,
    1,
    6.303391154883179,
    12.522595936811747,
    5.12997519356122,
    0,
    0.6981393949882269,
    26.908768078129718,
    0.3243835998494253,
    0.9144261444135624,
    1,
    1.715471935638941,
    0.565949110446136,
    4.1538762829077704,
    0.5407690057352798,
    5.587125203332079,
    0,
    1.5945976800407269,
    1.3043421371820512,
    4,
    0,
    0.552040631273227,
    86,
    30,
    34,
    0.9083613983494454,
    4.169810157001859,
    0,
    92,
    7,
    0,
    0
  ],
  "genes": {
    "ma_short_period": 18,
    "ma_long_period": 58,
    "ma_type": 1,
    "stop_loss_pct": 6.303391154883179,
    "take_profit_pct": 12.522595936811747,
    "position_size_pct": 5.12997519356122,
    "macro_enabled": 0,
    "macro_weight": 0.6981393949882269,
    "macro_vix_threshold": 26.908768078129718,
    "macro_vix_position_scale": 0.3243835998494253,
    "macro_yc_threshold": 0.9144261444135624,
    "macro_yc_action": 1,
    "macro_rate_threshold": 1.715471935638941,
    "macro_rate_position_scale": 0.565949110446136,
    "macro_cpi_threshold": 4.1538762829077704,
    "macro_cpi_position_scale": 0.5407690057352798,
    "macro_unemp_threshold": 5.587125203332079,
    "macro_unemp_action": 0,
    "macro_risk_stop_adj": 1.5945976800407269,
    "macro_risk_tp_adj": 1.3043421371820512,
    "macro_regime_count_req": 4,
    "ti_enabled": 0,
    "ti_weight": 0.552040631273227,
    "ti_rsi_overbought": 86,
    "ti_rsi_oversold": 30,
    "ti_adx_threshold": 34,
    "ti_adx_position_scale": 0.9083613983494454,
    "ti_natr_threshold": 4.169810157001859,
    "ti_natr_risk_action": 0,
    "ti_mfi_overbought": 92,
    "ti_mfi_oversold": 7,
    "ti_macdhist_confirm": 0,
    "ti_macdhist_exit_confirm": 0
  }
}