{
  "generation": 29,
  "fitness": 17.654450669365378,
  "chromosome": [
    10,
    90,
    0,
    9.450370035343935,
    4.2156291663071705,
    11.34319032126401,
    1,
    0.6128975565742417,
    48.262560823089224,
    0.2229201282027245,
    -0.7445674181595743,
    0,
    6.050855063454687,
    0.9690497890819108,
    6.642546818098124,
    0.5306605566679802,
    4.065062263525283,
    1,
    0.9499350173551073,
    1.5542623442556784,
    4,
    0,
    0.6678379278178961,
    61,
    33,
    18,
    0.37434334717769463,
    3.915788016308807,
    2,
    87,
    22,
    1,
    0,
    1,
    0.2549257304387543,
    0.004313842096738907,
    0.8098660477955356,
    0.5038767960668108,
    0.058217067417691504,
    0.5309809110011446,
    -0.7025355238512567,
    0,
    78,
    25,
    75,
    25
  ],
  "genes": {
    "ma_short_period": 10,
    "ma_long_period": 90,
    "ma_type": 0,
    "stop_loss_pct": 9.450370035343935,
    "take_profit_pct": 4.2156291663071705,
    "position_size_pct": 11.34319032126401,
    "macro_enabled": 1,
    "macro_weight": 0.6128975565742417,
    "macro_vix_threshold": 48.262560823089224,
    "macro_vix_position_scale": 0.2229201282027245,
    "macro_yc_threshold": -0.7445674181595743,
    "macro_yc_action": 0,
    "macro_rate_threshold": 6.050855063454687,
    "macro_rate_position_scale": 0.9690497890819108,
    "macro_cpi_threshold": 6.642546818098124,
    "macro_cpi_position_scale": 0.5306605566679802,
    "macro_unemp_threshold": 4.065062263525283,
    "macro_unemp_action": 1,
    "macro_risk_stop_adj": 0.9499350173551073,
    "macro_risk_tp_adj": 1.5542623442556784,
    "macro_regime_count_req": 4,
    "ti_enabled": 0,
    "ti_weight": 0.6678379278178961,
    "ti_rsi_overbought": 61,
    "ti_rsi_oversold": 33,
    "ti_adx_threshold": 18,
    "ti_adx_position_scale": 0.37434334717769463,
    "ti_natr_threshold": 3.915788016308807,
    "ti_natr_risk_action": 2,
    "ti_mfi_overbought": 87,
    "ti_mfi_oversold": 22,
    "ti_macdhist_confirm": 1,
    "ti_macdhist_exit_confirm": 0,
    "ensemble_enabled": 1,
    "sig_ma_weight": 0.2549257304387543,
    "sig_bb_weight": 0.004313842096738907,
    "sig_stoch_weight": 0.8098660477955356,
    "sig_macd_weight": 0.5038767960668108,
    "sig_rsi_weight": 0.058217067417691504,
    "sig_buy_threshold": 0.5309809110011446,
    "sig_sell_threshold": -0.7025355238512567,
    "sig_bb_period_idx": 0,
    "sig_stoch_ob": 78,
    "sig_stoch_os": 25,
    "sig_rsi_ob": 75,
    "sig_rsi_os": 25
  }
}