{
  "generation": 49,
  "fitness": 47.57155922484111,
  "chromosome": [
    21,
    77,
    0,
    7.946725873239094,
    5.3738762894394405,
    24.623831530052836,
    0,
    0.6374030593000326,
    36.35865796932144,
    0.33535651664799393,
    0.02241794539046582,
    2,
    3.5356068870923254,
    0.8026878662738457,
    3.1367584300251217,
    0.6796786489211102,
    7.932937262096336,
    2,
    1.2030960753067337,
    1.6318463300483805,
    4,
    1,
    0.376980025385912,
    77,
    36,
    27,
    0.8840504936194864,
    7.461453311431054,
    1,
    91,
    23,
    0,
    0,
    1,
    0.4988928934934328,
    0.23035126379209014,
    0.7124780839498549,
    0.5417607681681006,
    0.010485003116225355,
    0.42836519182874966,
    -0.177315419303812,
    2,
    90,
    27,
    69,
    32
  ],
  "genes": {
    "ma_short_period": 21,
    "ma_long_period": 77,
    "ma_type": 0,
    "stop_loss_pct": 7.946725873239094,
    "take_profit_pct": 5.3738762894394405,
    "position_size_pct": 24.623831530052836,
    "macro_enabled": 0,
    "macro_weight": 0.6374030593000326,
    "macro_vix_threshold": 36.35865796932144,
    "macro_vix_position_scale": 0.33535651664799393,
    "macro_yc_threshold": 0.02241794539046582,
    "macro_yc_action": 2,
    "macro_rate_threshold": 3.5356068870923254,
    "macro_rate_position_scale": 0.8026878662738457,
    "macro_cpi_threshold": 3.1367584300251217,
    "macro_cpi_position_scale": 0.6796786489211102,
    "macro_unemp_threshold": 7.932937262096336,
    "macro_unemp_action": 2,
    "macro_risk_stop_adj": 1.2030960753067337,
    "macro_risk_tp_adj": 1.6318463300483805,
    "macro_regime_count_req": 4,
    "ti_enabled": 1,
    "ti_weight": 0.376980025385912,
    "ti_rsi_overbought": 77,
    "ti_rsi_oversold": 36,
    "ti_adx_threshold": 27,
    "ti_adx_position_scale": 0.8840504936194864,
    "ti_natr_threshold": 7.461453311431054,
    "ti_natr_risk_action": 1,
    "ti_mfi_overbought": 91,
    "ti_mfi_oversold": 23,
    "ti_macdhist_confirm": 0,
    "ti_macdhist_exit_confirm": 0,
    "ensemble_enabled": 1,
    "sig_ma_weight": 0.4988928934934328,
    "sig_bb_weight": 0.23035126379209014,
    "sig_stoch_weight": 0.7124780839498549,
    "sig_macd_weight": 0.5417607681681006,
    "sig_rsi_weight": 0.010485003116225355,
    "sig_buy_threshold": 0.42836519182874966,
    "sig_sell_threshold": -0.177315419303812,
    "sig_bb_period_idx": 2,
    "sig_stoch_ob": 90,
    "sig_stoch_os": 27,
    "sig_rsi_ob": 69,
    "sig_rsi_os": 32
  }
}