{
  "generation": 49,
  "fitness": 103.58032483506554,
  "chromosome": [
    5,
    74,
    0,
    5.808421209087218,
    11.33332740739958,
    24.316112187797327,
    0,
    0.12113265245527449,
    20.710640470259214,
    0.9511943586535876,
    0.04869951776453352,
    1,
    6.939608290004763,
    0.7695061202641118,
    4.335854506290402,
    0.4467658017057353,
    5.014302386620596,
    2,
    1.7884039469387858,
    1.963445343676359,
    3,
    1,
    0.6432523296831103,
    68,
    39,
    30,
    0.7739888450433212,
    3.9095964202005398,
    1,
    72,
    21,
    1,
    0,
    1,
    0.7319154908887929,
    0.887871536212853,
    0.361088162324412,
    0.6238196194127184,
    0.7862894922112544,
    0.18956089778723734,
    -0.532519056907726,
    1,
    89,
    18,
    84,
    38
  ],
  "genes": {
    "ma_short_period": 5,
    "ma_long_period": 74,
    "ma_type": 0,
    "stop_loss_pct": 5.808421209087218,
    "take_profit_pct": 11.33332740739958,
    "position_size_pct": 24.316112187797327,
    "macro_enabled": 0,
    "macro_weight": 0.12113265245527449,
    "macro_vix_threshold": 20.710640470259214,
    "macro_vix_position_scale": 0.9511943586535876,
    "macro_yc_threshold": 0.04869951776453352,
    "macro_yc_action": 1,
    "macro_rate_threshold": 6.939608290004763,
    "macro_rate_position_scale": 0.7695061202641118,
    "macro_cpi_threshold": 4.335854506290402,
    "macro_cpi_position_scale": 0.4467658017057353,
    "macro_unemp_threshold": 5.014302386620596,
    "macro_unemp_action": 2,
    "macro_risk_stop_adj": 1.7884039469387858,
    "macro_risk_tp_adj": 1.963445343676359,
    "macro_regime_count_req": 3,
    "ti_enabled": 1,
    "ti_weight": 0.6432523296831103,
    "ti_rsi_overbought": 68,
    "ti_rsi_oversold": 39,
    "ti_adx_threshold": 30,
    "ti_adx_position_scale": 0.7739888450433212,
    "ti_natr_threshold": 3.9095964202005398,
    "ti_natr_risk_action": 1,
    "ti_mfi_overbought": 72,
    "ti_mfi_oversold": 21,
    "ti_macdhist_confirm": 1,
    "ti_macdhist_exit_confirm": 0,
    "ensemble_enabled": 1,
    "sig_ma_weight": 0.7319154908887929,
    "sig_bb_weight": 0.887871536212853,
    "sig_stoch_weight": 0.361088162324412,
    "sig_macd_weight": 0.6238196194127184,
    "sig_rsi_weight": 0.7862894922112544,
    "sig_buy_threshold": 0.18956089778723734,
    "sig_sell_threshold": -0.532519056907726,
    "sig_bb_period_idx": 1,
    "sig_stoch_ob": 89,
    "sig_stoch_os": 18,
    "sig_rsi_ob": 84,
    "sig_rsi_os": 38
  }
}