{
  "generation": 9,
  "fitness": 117.73177595858863,
  "chromosome": [
    16,
    84,
    0,
    9.493479519582428,
    14.695891297479738,
    23.666244804397923,
    1,
    0.8717937007694624,
    33.503428107008475,
    0.7845832499170298,
    -0.5960887794309837,
    0,
    1.1270015122652743,
    0.6738945624873642,
    4.216587739987147,
    0.42026334173688296,
    8.962516492555991,
    0,
    0.9175072108691588,
    1.7976156192938775,
    3,
    1,
    0.7588001805706304,
    62,
    22,
    37,
    0.4409774838807864,
    4.128949797056571,
    2,
    72,
    17,
    0,
    1
  ],
  "genes": {
    "ma_short_period": 16,
    "ma_long_period": 84,
    "ma_type": 0,
    "stop_loss_pct": 9.493479519582428,
    "take_profit_pct": 14.695891297479738,
    "position_size_pct": 23.666244804397923,
    "macro_enabled": 1,
    "macro_weight": 0.8717937007694624,
    "macro_vix_threshold": 33.503428107008475,
    "macro_vix_position_scale": 0.7845832499170298,
    "macro_yc_threshold": -0.5960887794309837,
    "macro_yc_action": 0,
    "macro_rate_threshold": 1.1270015122652743,
    "macro_rate_position_scale": 0.6738945624873642,
    "macro_cpi_threshold": 4.216587739987147,
    "macro_cpi_position_scale": 0.42026334173688296,
    "macro_unemp_threshold": 8.962516492555991,
    "macro_unemp_action": 0,
    "macro_risk_stop_adj": 0.9175072108691588,
    "macro_risk_tp_adj": 1.7976156192938775,
    "macro_regime_count_req": 3,
    "ti_enabled": 1,
    "ti_weight": 0.7588001805706304,
    "ti_rsi_overbought": 62,
    "ti_rsi_oversold": 22,
    "ti_adx_threshold": 37,
    "ti_adx_position_scale": 0.4409774838807864,
    "ti_natr_threshold": 4.128949797056571,
    "ti_natr_risk_action": 2,
    "ti_mfi_overbought": 72,
    "ti_mfi_oversold": 17,
    "ti_macdhist_confirm": 0,
    "ti_macdhist_exit_confirm": 1
  }
}