{
  "generation": 79,
  "fitness": 29.415931107971048,
  "chromosome": [
    8,
    33,
    0,
    8.398672172467318,
    12.520836003993942,
    24.844649285173865,
    1,
    0.3991386108755105,
    37.16865867554315,
    0.2429571455579149,
    0.22688541747982138,
    0,
    4.781318023331907,
    0.9012769306720625,
    4.854113812275438,
    0.4890004783810456,
    5.417378523689822,
    0,
    1.6444262836459793,
    1.0184600728147877,
    1,
    0,
    0.49922058522089185,
    77,
    19,
    35,
    0.9219596890352346,
    6.72917947392814,
    1,
    92,
    11,
    1,
    0,
    1,
    0.6682107303344729,
    0.46296828417026326,
    0.602149326937957,
    0.8541373421976866,
    0.3622924655614612,
    0.20182027479811115,
    -0.6202651530344007,
    2,
    78,
    30,
    63,
    36
  ],
  "genes": {
    "ma_short_period": 8,
    "ma_long_period": 33,
    "ma_type": 0,
    "stop_loss_pct": 8.398672172467318,
    "take_profit_pct": 12.520836003993942,
    "position_size_pct": 24.844649285173865,
    "macro_enabled": 1,
    "macro_weight": 0.3991386108755105,
    "macro_vix_threshold": 37.16865867554315,
    "macro_vix_position_scale": 0.2429571455579149,
    "macro_yc_threshold": 0.22688541747982138,
    "macro_yc_action": 0,
    "macro_rate_threshold": 4.781318023331907,
    "macro_rate_position_scale": 0.9012769306720625,
    "macro_cpi_threshold": 4.854113812275438,
    "macro_cpi_position_scale": 0.4890004783810456,
    "macro_unemp_threshold": 5.417378523689822,
    "macro_unemp_action": 0,
    "macro_risk_stop_adj": 1.6444262836459793,
    "macro_risk_tp_adj": 1.0184600728147877,
    "macro_regime_count_req": 1,
    "ti_enabled": 0,
    "ti_weight": 0.49922058522089185,
    "ti_rsi_overbought": 77,
    "ti_rsi_oversold": 19,
    "ti_adx_threshold": 35,
    "ti_adx_position_scale": 0.9219596890352346,
    "ti_natr_threshold": 6.72917947392814,
    "ti_natr_risk_action": 1,
    "ti_mfi_overbought": 92,
    "ti_mfi_oversold": 11,
    "ti_macdhist_confirm": 1,
    "ti_macdhist_exit_confirm": 0,
    "ensemble_enabled": 1,
    "sig_ma_weight": 0.6682107303344729,
    "sig_bb_weight": 0.46296828417026326,
    "sig_stoch_weight": 0.602149326937957,
    "sig_macd_weight": 0.8541373421976866,
    "sig_rsi_weight": 0.3622924655614612,
    "sig_buy_threshold": 0.20182027479811115,
    "sig_sell_threshold": -0.6202651530344007,
    "sig_bb_period_idx": 2,
    "sig_stoch_ob": 78,
    "sig_stoch_os": 30,
    "sig_rsi_ob": 63,
    "sig_rsi_os": 36
  }
}