{
  "generation": 9,
  "fitness": 31.48501631155251,
  "chromosome": [
    27,
    83,
    0,
    9.533906376835763,
    13.900372726337853,
    24.12552412946798,
    1,
    0.5007928516377251,
    49.10131646025987,
    0.2429571455579149,
    -0.12582349431300166,
    2,
    3.9122518695800927,
    0.355632406873146,
    5.226525284144968,
    0.6819201049691946,
    9.231481789502855,
    0,
    0.8891394090679834,
    1.5841545955103875,
    4,
    0,
    0.45922523526004166,
    89,
    37,
    30,
    0.29465212542307073,
    2.9328769988706895,
    1,
    93,
    24,
    0,
    1,
    1,
    0.38803260364477077,
    0.6037260313668911,
    0.7846274369338357,
    0.016890968304141274,
    0.45960628100998524,
    0.18956089778723734,
    -0.7254143576021173,
    0,
    79,
    20,
    79,
    39
  ],
  "genes": {
    "ma_short_period": 27,
    "ma_long_period": 83,
    "ma_type": 0,
    "stop_loss_pct": 9.533906376835763,
    "take_profit_pct": 13.900372726337853,
    "position_size_pct": 24.12552412946798,
    "macro_enabled": 1,
    "macro_weight": 0.5007928516377251,
    "macro_vix_threshold": 49.10131646025987,
    "macro_vix_position_scale": 0.2429571455579149,
    "macro_yc_threshold": -0.12582349431300166,
    "macro_yc_action": 2,
    "macro_rate_threshold": 3.9122518695800927,
    "macro_rate_position_scale": 0.355632406873146,
    "macro_cpi_threshold": 5.226525284144968,
    "macro_cpi_position_scale": 0.6819201049691946,
    "macro_unemp_threshold": 9.231481789502855,
    "macro_unemp_action": 0,
    "macro_risk_stop_adj": 0.8891394090679834,
    "macro_risk_tp_adj": 1.5841545955103875,
    "macro_regime_count_req": 4,
    "ti_enabled": 0,
    "ti_weight": 0.45922523526004166,
    "ti_rsi_overbought": 89,
    "ti_rsi_oversold": 37,
    "ti_adx_threshold": 30,
    "ti_adx_position_scale": 0.29465212542307073,
    "ti_natr_threshold": 2.9328769988706895,
    "ti_natr_risk_action": 1,
    "ti_mfi_overbought": 93,
    "ti_mfi_oversold": 24,
    "ti_macdhist_confirm": 0,
    "ti_macdhist_exit_confirm": 1,
    "ensemble_enabled": 1,
    "sig_ma_weight": 0.38803260364477077,
    "sig_bb_weight": 0.6037260313668911,
    "sig_stoch_weight": 0.7846274369338357,
    "sig_macd_weight": 0.016890968304141274,
    "sig_rsi_weight": 0.45960628100998524,
    "sig_buy_threshold": 0.18956089778723734,
    "sig_sell_threshold": -0.7254143576021173,
    "sig_bb_period_idx": 0,
    "sig_stoch_ob": 79,
    "sig_stoch_os": 20,
    "sig_rsi_ob": 79,
    "sig_rsi_os": 39
  }
}