{
  "generation": 129,
  "fitness": 18.937092841064235,
  "chromosome": [
    16,
    33,
    0,
    9.40613787251539,
    14.965436678789555,
    24.971050419524385,
    1,
    0.2585706431220842,
    47.37080216524044,
    0.7969296658456888,
    0.4184892337007191,
    1,
    2.1319272793212227,
    0.9247375299522551,
    5.520794588498806,
    0.8859150356126255,
    8.662688413327125,
    2,
    1.900350367716344,
    1.522154406149854,
    1,
    0,
    0.9915321866331435,
    82,
    29,
    19,
    0.30088627530321166,
    3.302266044972281,
    2,
    77,
    30,
    0,
    0,
    1,
    0.9514182301414047,
    0.8217077011362675,
    0.4723520464630532,
    0.8644054819922559,
    0.255244751151644,
    0.17447879259036903,
    -0.49056697515608516,
    2,
    88,
    30,
    76,
    19
  ],
  "genes": {
    "ma_short_period": 16,
    "ma_long_period": 33,
    "ma_type": 0,
    "stop_loss_pct": 9.40613787251539,
    "take_profit_pct": 14.965436678789555,
    "position_size_pct": 24.971050419524385,
    "macro_enabled": 1,
    "macro_weight": 0.2585706431220842,
    "macro_vix_threshold": 47.37080216524044,
    "macro_vix_position_scale": 0.7969296658456888,
    "macro_yc_threshold": 0.4184892337007191,
    "macro_yc_action": 1,
    "macro_rate_threshold": 2.1319272793212227,
    "macro_rate_position_scale": 0.9247375299522551,
    "macro_cpi_threshold": 5.520794588498806,
    "macro_cpi_position_scale": 0.8859150356126255,
    "macro_unemp_threshold": 8.662688413327125,
    "macro_unemp_action": 2,
    "macro_risk_stop_adj": 1.900350367716344,
    "macro_risk_tp_adj": 1.522154406149854,
    "macro_regime_count_req": 1,
    "ti_enabled": 0,
    "ti_weight": 0.9915321866331435,
    "ti_rsi_overbought": 82,
    "ti_rsi_oversold": 29,
    "ti_adx_threshold": 19,
    "ti_adx_position_scale": 0.30088627530321166,
    "ti_natr_threshold": 3.302266044972281,
    "ti_natr_risk_action": 2,
    "ti_mfi_overbought": 77,
    "ti_mfi_oversold": 30,
    "ti_macdhist_confirm": 0,
    "ti_macdhist_exit_confirm": 0,
    "ensemble_enabled": 1,
    "sig_ma_weight": 0.9514182301414047,
    "sig_bb_weight": 0.8217077011362675,
    "sig_stoch_weight": 0.4723520464630532,
    "sig_macd_weight": 0.8644054819922559,
    "sig_rsi_weight": 0.255244751151644,
    "sig_buy_threshold": 0.17447879259036903,
    "sig_sell_threshold": -0.49056697515608516,
    "sig_bb_period_idx": 2,
    "sig_stoch_ob": 88,
    "sig_stoch_os": 30,
    "sig_rsi_ob": 76,
    "sig_rsi_os": 19
  }
}