{
  "generation": 69,
  "fitness": 145.49372901946793,
  "chromosome": [
    16,
    84,
    0,
    4.47835457612763,
    12.997335905904691,
    24.906168452221472,
    0,
    0.6242510542989288,
    38.088888824984764,
    0.9140650981285912,
    0.6201111145085123,
    2,
    1.6464442574684857,
    0.8992340384173347,
    7.862080000740564,
    0.6905267239335604,
    5.832970997613886,
    0,
    1.4381682323498075,
    0.5244466429812251,
    4,
    0,
    0.8919934923216869,
    74,
    13,
    31,
    0.953515680190554,
    3.0537735257201497,
    0,
    71,
    7,
    1,
    0
  ],
  "genes": {
    "ma_short_period": 16,
    "ma_long_period": 84,
    "ma_type": 0,
    "stop_loss_pct": 4.47835457612763,
    "take_profit_pct": 12.997335905904691,
    "position_size_pct": 24.906168452221472,
    "macro_enabled": 0,
    "macro_weight": 0.6242510542989288,
    "macro_vix_threshold": 38.088888824984764,
    "macro_vix_position_scale": 0.9140650981285912,
    "macro_yc_threshold": 0.6201111145085123,
    "macro_yc_action": 2,
    "macro_rate_threshold": 1.6464442574684857,
    "macro_rate_position_scale": 0.8992340384173347,
    "macro_cpi_threshold": 7.862080000740564,
    "macro_cpi_position_scale": 0.6905267239335604,
    "macro_unemp_threshold": 5.832970997613886,
    "macro_unemp_action": 0,
    "macro_risk_stop_adj": 1.4381682323498075,
    "macro_risk_tp_adj": 0.5244466429812251,
    "macro_regime_count_req": 4,
    "ti_enabled": 0,
    "ti_weight": 0.8919934923216869,
    "ti_rsi_overbought": 74,
    "ti_rsi_oversold": 13,
    "ti_adx_threshold": 31,
    "ti_adx_position_scale": 0.953515680190554,
    "ti_natr_threshold": 3.0537735257201497,
    "ti_natr_risk_action": 0,
    "ti_mfi_overbought": 71,
    "ti_mfi_oversold": 7,
    "ti_macdhist_confirm": 1,
    "ti_macdhist_exit_confirm": 0
  }
}