{
  "generation": 99,
  "fitness": 18.597879224559744,
  "chromosome": [
    22,
    46,
    1,
    9.40613787251539,
    14.664474625664699,
    24.76955915828206,
    0,
    0.8296277419401434,
    49.574545017721796,
    0.9747189002491796,
    -0.13656899776724174,
    1,
    2.1319272793212227,
    0.896502262141325,
    7.291199506167076,
    0.48312749866444904,
    8.829773029476925,
    0,
    1.0627517432800988,
    1.0513415759230251,
    3,
    0,
    0.9915321866331435,
    81,
    23,
    24,
    0.8045200992685766,
    4.522852390308479,
    2,
    90,
    30,
    0,
    1,
    1,
    0.014598286410708261,
    0.13780220823592904,
    0.765058356430538,
    0.7885624114923905,
    0.5389627487157194,
    0.17447879259036903,
    -0.6756600757902513,
    0,
    70,
    30,
    76,
    23
  ],
  "genes": {
    "ma_short_period": 22,
    "ma_long_period": 46,
    "ma_type": 1,
    "stop_loss_pct": 9.40613787251539,
    "take_profit_pct": 14.664474625664699,
    "position_size_pct": 24.76955915828206,
    "macro_enabled": 0,
    "macro_weight": 0.8296277419401434,
    "macro_vix_threshold": 49.574545017721796,
    "macro_vix_position_scale": 0.9747189002491796,
    "macro_yc_threshold": -0.13656899776724174,
    "macro_yc_action": 1,
    "macro_rate_threshold": 2.1319272793212227,
    "macro_rate_position_scale": 0.896502262141325,
    "macro_cpi_threshold": 7.291199506167076,
    "macro_cpi_position_scale": 0.48312749866444904,
    "macro_unemp_threshold": 8.829773029476925,
    "macro_unemp_action": 0,
    "macro_risk_stop_adj": 1.0627517432800988,
    "macro_risk_tp_adj": 1.0513415759230251,
    "macro_regime_count_req": 3,
    "ti_enabled": 0,
    "ti_weight": 0.9915321866331435,
    "ti_rsi_overbought": 81,
    "ti_rsi_oversold": 23,
    "ti_adx_threshold": 24,
    "ti_adx_position_scale": 0.8045200992685766,
    "ti_natr_threshold": 4.522852390308479,
    "ti_natr_risk_action": 2,
    "ti_mfi_overbought": 90,
    "ti_mfi_oversold": 30,
    "ti_macdhist_confirm": 0,
    "ti_macdhist_exit_confirm": 1,
    "ensemble_enabled": 1,
    "sig_ma_weight": 0.014598286410708261,
    "sig_bb_weight": 0.13780220823592904,
    "sig_stoch_weight": 0.765058356430538,
    "sig_macd_weight": 0.7885624114923905,
    "sig_rsi_weight": 0.5389627487157194,
    "sig_buy_threshold": 0.17447879259036903,
    "sig_sell_threshold": -0.6756600757902513,
    "sig_bb_period_idx": 0,
    "sig_stoch_ob": 70,
    "sig_stoch_os": 30,
    "sig_rsi_ob": 76,
    "sig_rsi_os": 23
  }
}