{
  "generation": 19,
  "fitness": 70.17194815365181,
  "chromosome": [
    12,
    34,
    0,
    8.9402047584835,
    6.650286539341329,
    21.398653123389263,
    1,
    0.038047436160271175,
    34.60947263373424,
    0.8535036651768062,
    0.42899735394340954,
    1,
    3.9039546992601686,
    0.921809591106572,
    3.6419264924810126,
    0.8860096140676017,
    8.87510794970159,
    0,
    1.7927288029551942,
    0.7071085272193225,
    2,
    0,
    0.6150270125591771,
    80,
    33,
    34,
    0.4168956521722721,
    4.028219415932534,
    1,
    76,
    18,
    1,
    0,
    0,
    0.9777708029366792,
    0.16395017986542704,
    0.09341799883861979,
    0.6536833670701987,
    0.8698471522999045,
    0.25295843917191396,
    -0.27211576360556355,
    2,
    78,
    12,
    64,
    28
  ],
  "genes": {
    "ma_short_period": 12,
    "ma_long_period": 34,
    "ma_type": 0,
    "stop_loss_pct": 8.9402047584835,
    "take_profit_pct": 6.650286539341329,
    "position_size_pct": 21.398653123389263,
    "macro_enabled": 1,
    "macro_weight": 0.038047436160271175,
    "macro_vix_threshold": 34.60947263373424,
    "macro_vix_position_scale": 0.8535036651768062,
    "macro_yc_threshold": 0.42899735394340954,
    "macro_yc_action": 1,
    "macro_rate_threshold": 3.9039546992601686,
    "macro_rate_position_scale": 0.921809591106572,
    "macro_cpi_threshold": 3.6419264924810126,
    "macro_cpi_position_scale": 0.8860096140676017,
    "macro_unemp_threshold": 8.87510794970159,
    "macro_unemp_action": 0,
    "macro_risk_stop_adj": 1.7927288029551942,
    "macro_risk_tp_adj": 0.7071085272193225,
    "macro_regime_count_req": 2,
    "ti_enabled": 0,
    "ti_weight": 0.6150270125591771,
    "ti_rsi_overbought": 80,
    "ti_rsi_oversold": 33,
    "ti_adx_threshold": 34,
    "ti_adx_position_scale": 0.4168956521722721,
    "ti_natr_threshold": 4.028219415932534,
    "ti_natr_risk_action": 1,
    "ti_mfi_overbought": 76,
    "ti_mfi_oversold": 18,
    "ti_macdhist_confirm": 1,
    "ti_macdhist_exit_confirm": 0,
    "ensemble_enabled": 0,
    "sig_ma_weight": 0.9777708029366792,
    "sig_bb_weight": 0.16395017986542704,
    "sig_stoch_weight": 0.09341799883861979,
    "sig_macd_weight": 0.6536833670701987,
    "sig_rsi_weight": 0.8698471522999045,
    "sig_buy_threshold": 0.25295843917191396,
    "sig_sell_threshold": -0.27211576360556355,
    "sig_bb_period_idx": 2,
    "sig_stoch_ob": 78,
    "sig_stoch_os": 12,
    "sig_rsi_ob": 64,
    "sig_rsi_os": 28
  }
}