{
  "generation": 29,
  "fitness": 24.015611802913945,
  "chromosome": [
    5,
    98,
    0,
    8.16517907269381,
    7.939618106974608,
    23.973963196998056,
    0,
    0.8831466317695036,
    39.99531235235493,
    0.3702560995218483,
    0.2099736253669886,
    1,
    6.292676764203999,
    0.9290996012656243,
    4.54560398213858,
    0.5167969741392737,
    8.848831736997992,
    2,
    1.1065400315833918,
    1.801313454562704,
    4,
    0,
    0.5685491139471346,
    68,
    12,
    32,
    0.20685887259924263,
    3.5341864237544653,
    2,
    76,
    21,
    1,
    1,
    1,
    0.3424934370107585,
    0.1828299704663754,
    0.14777247975751018,
    0.8649220858152662,
    0.15297816379498475,
    0.3455666607197373,
    -0.7961174539831167,
    0,
    72,
    18,
    79,
    39
  ],
  "genes": {
    "ma_short_period": 5,
    "ma_long_period": 98,
    "ma_type": 0,
    "stop_loss_pct": 8.16517907269381,
    "take_profit_pct": 7.939618106974608,
    "position_size_pct": 23.973963196998056,
    "macro_enabled": 0,
    "macro_weight": 0.8831466317695036,
    "macro_vix_threshold": 39.99531235235493,
    "macro_vix_position_scale": 0.3702560995218483,
    "macro_yc_threshold": 0.2099736253669886,
    "macro_yc_action": 1,
    "macro_rate_threshold": 6.292676764203999,
    "macro_rate_position_scale": 0.9290996012656243,
    "macro_cpi_threshold": 4.54560398213858,
    "macro_cpi_position_scale": 0.5167969741392737,
    "macro_unemp_threshold": 8.848831736997992,
    "macro_unemp_action": 2,
    "macro_risk_stop_adj": 1.1065400315833918,
    "macro_risk_tp_adj": 1.801313454562704,
    "macro_regime_count_req": 4,
    "ti_enabled": 0,
    "ti_weight": 0.5685491139471346,
    "ti_rsi_overbought": 68,
    "ti_rsi_oversold": 12,
    "ti_adx_threshold": 32,
    "ti_adx_position_scale": 0.20685887259924263,
    "ti_natr_threshold": 3.5341864237544653,
    "ti_natr_risk_action": 2,
    "ti_mfi_overbought": 76,
    "ti_mfi_oversold": 21,
    "ti_macdhist_confirm": 1,
    "ti_macdhist_exit_confirm": 1,
    "ensemble_enabled": 1,
    "sig_ma_weight": 0.3424934370107585,
    "sig_bb_weight": 0.1828299704663754,
    "sig_stoch_weight": 0.14777247975751018,
    "sig_macd_weight": 0.8649220858152662,
    "sig_rsi_weight": 0.15297816379498475,
    "sig_buy_threshold": 0.3455666607197373,
    "sig_sell_threshold": -0.7961174539831167,
    "sig_bb_period_idx": 0,
    "sig_stoch_ob": 72,
    "sig_stoch_os": 18,
    "sig_rsi_ob": 79,
    "sig_rsi_os": 39
  }
}