{
  "generation": 9,
  "fitness": 27.75629300376354,
  "chromosome": [
    6,
    36,
    0,
    5.349470364837338,
    3.9912975761564518,
    22.331031120401136,
    0,
    0.19948422280187972,
    18.799953986553042,
    0.3648069302569885,
    0.8353057246743534,
    0,
    6.315348243048391,
    0.8909988605063555,
    3.564848051535064,
    0.4962876234212029,
    9.156770030906385,
    0,
    1.1515596026611137,
    0.9788589281851304,
    3,
    0,
    0.3029923791086986,
    71,
    38,
    27,
    0.6688133305372725,
    7.903943066261785,
    1,
    77,
    18,
    0,
    0,
    1,
    0.17420267095553066,
    0.6124915321066658,
    0.6963790830147177,
    0.4821234478768377,
    0.46284837607561025,
    0.34536246964584033,
    -0.7212126892652962,
    2,
    73,
    13,
    65,
    25
  ],
  "genes": {
    "ma_short_period": 6,
    "ma_long_period": 36,
    "ma_type": 0,
    "stop_loss_pct": 5.349470364837338,
    "take_profit_pct": 3.9912975761564518,
    "position_size_pct": 22.331031120401136,
    "macro_enabled": 0,
    "macro_weight": 0.19948422280187972,
    "macro_vix_threshold": 18.799953986553042,
    "macro_vix_position_scale": 0.3648069302569885,
    "macro_yc_threshold": 0.8353057246743534,
    "macro_yc_action": 0,
    "macro_rate_threshold": 6.315348243048391,
    "macro_rate_position_scale": 0.8909988605063555,
    "macro_cpi_threshold": 3.564848051535064,
    "macro_cpi_position_scale": 0.4962876234212029,
    "macro_unemp_threshold": 9.156770030906385,
    "macro_unemp_action": 0,
    "macro_risk_stop_adj": 1.1515596026611137,
    "macro_risk_tp_adj": 0.9788589281851304,
    "macro_regime_count_req": 3,
    "ti_enabled": 0,
    "ti_weight": 0.3029923791086986,
    "ti_rsi_overbought": 71,
    "ti_rsi_oversold": 38,
    "ti_adx_threshold": 27,
    "ti_adx_position_scale": 0.6688133305372725,
    "ti_natr_threshold": 7.903943066261785,
    "ti_natr_risk_action": 1,
    "ti_mfi_overbought": 77,
    "ti_mfi_oversold": 18,
    "ti_macdhist_confirm": 0,
    "ti_macdhist_exit_confirm": 0,
    "ensemble_enabled": 1,
    "sig_ma_weight": 0.17420267095553066,
    "sig_bb_weight": 0.6124915321066658,
    "sig_stoch_weight": 0.6963790830147177,
    "sig_macd_weight": 0.4821234478768377,
    "sig_rsi_weight": 0.46284837607561025,
    "sig_buy_threshold": 0.34536246964584033,
    "sig_sell_threshold": -0.7212126892652962,
    "sig_bb_period_idx": 2,
    "sig_stoch_ob": 73,
    "sig_stoch_os": 13,
    "sig_rsi_ob": 65,
    "sig_rsi_os": 25
  }
}