{
  "generation": 9,
  "fitness": 28.91176034812908,
  "chromosome": [
    14,
    67,
    0,
    9.690649336722714,
    5.619826226148464,
    23.914567571842277,
    0,
    0.3884190488074609,
    35.36463924399365,
    0.2796366560903505,
    0.1450786592746207,
    1,
    6.929933701437283,
    0.504145987469243,
    7.672225046733356,
    0.43328302634420235,
    8.817268958995225,
    0,
    0.5091067848859481,
    0.5593213313105008,
    2,
    1,
    0.745901204695521,
    77,
    31,
    33,
    0.5483145964260059,
    2.801230525011814,
    1,
    77,
    21,
    0,
    0,
    1,
    0.006377882751804065,
    0.6319535630407752,
    0.9144412967755882,
    0.6956262857049818,
    0.834035171510969,
    0.15999511828794197,
    -0.7854582324603802,
    2,
    79,
    22,
    65,
    19
  ],
  "genes": {
    "ma_short_period": 14,
    "ma_long_period": 67,
    "ma_type": 0,
    "stop_loss_pct": 9.690649336722714,
    "take_profit_pct": 5.619826226148464,
    "position_size_pct": 23.914567571842277,
    "macro_enabled": 0,
    "macro_weight": 0.3884190488074609,
    "macro_vix_threshold": 35.36463924399365,
    "macro_vix_position_scale": 0.2796366560903505,
    "macro_yc_threshold": 0.1450786592746207,
    "macro_yc_action": 1,
    "macro_rate_threshold": 6.929933701437283,
    "macro_rate_position_scale": 0.504145987469243,
    "macro_cpi_threshold": 7.672225046733356,
    "macro_cpi_position_scale": 0.43328302634420235,
    "macro_unemp_threshold": 8.817268958995225,
    "macro_unemp_action": 0,
    "macro_risk_stop_adj": 0.5091067848859481,
    "macro_risk_tp_adj": 0.5593213313105008,
    "macro_regime_count_req": 2,
    "ti_enabled": 1,
    "ti_weight": 0.745901204695521,
    "ti_rsi_overbought": 77,
    "ti_rsi_oversold": 31,
    "ti_adx_threshold": 33,
    "ti_adx_position_scale": 0.5483145964260059,
    "ti_natr_threshold": 2.801230525011814,
    "ti_natr_risk_action": 1,
    "ti_mfi_overbought": 77,
    "ti_mfi_oversold": 21,
    "ti_macdhist_confirm": 0,
    "ti_macdhist_exit_confirm": 0,
    "ensemble_enabled": 1,
    "sig_ma_weight": 0.006377882751804065,
    "sig_bb_weight": 0.6319535630407752,
    "sig_stoch_weight": 0.9144412967755882,
    "sig_macd_weight": 0.6956262857049818,
    "sig_rsi_weight": 0.834035171510969,
    "sig_buy_threshold": 0.15999511828794197,
    "sig_sell_threshold": -0.7854582324603802,
    "sig_bb_period_idx": 2,
    "sig_stoch_ob": 79,
    "sig_stoch_os": 22,
    "sig_rsi_ob": 65,
    "sig_rsi_os": 19
  }
}