{
  "generation": 9,
  "fitness": 58.939954408101535,
  "chromosome": [
    13,
    31,
    0,
    7.567586080244361,
    11.68723800374161,
    21.656777993463766,
    1,
    0.7757409796033808,
    29.85081284613142,
    0.641140201561281,
    -0.5619909221437891,
    2,
    1.249200593502648,
    0.8990042978557442,
    6.931639534682686,
    0.7614270782217276,
    9.0300227017751,
    2,
    1.8341390922055818,
    0.5830348211491906,
    1
  ],
  "genes": {
    "ma_short_period": 13,
    "ma_long_period": 31,
    "ma_type": 0,
    "stop_loss_pct": 7.567586080244361,
    "take_profit_pct": 11.68723800374161,
    "position_size_pct": 21.656777993463766,
    "macro_enabled": 1,
    "macro_weight": 0.7757409796033808,
    "macro_vix_threshold": 29.85081284613142,
    "macro_vix_position_scale": 0.641140201561281,
    "macro_yc_threshold": -0.5619909221437891,
    "macro_yc_action": 2,
    "macro_rate_threshold": 1.249200593502648,
    "macro_rate_position_scale": 0.8990042978557442,
    "macro_cpi_threshold": 6.931639534682686,
    "macro_cpi_position_scale": 0.7614270782217276,
    "macro_unemp_threshold": 9.0300227017751,
    "macro_unemp_action": 2,
    "macro_risk_stop_adj": 1.8341390922055818,
    "macro_risk_tp_adj": 0.5830348211491906,
    "macro_regime_count_req": 1
  }
}