{
  "generation": 119,
  "fitness": 18.766097692613744,
  "chromosome": [
    22,
    46,
    1,
    9.690649336722714,
    8.572110118778886,
    24.76955915828206,
    0,
    0.10740454750634998,
    49.574545017721796,
    0.9747189002491796,
    -0.13656899776724174,
    2,
    6.390974821116968,
    0.7741926406856782,
    4.405090724949854,
    0.48312749866444904,
    5.0404606375785805,
    2,
    0.5818180400134112,
    1.1989914392605105,
    4,
    0,
    0.1913366907647588,
    74,
    30,
    31,
    0.8045200992685766,
    4.522852390308479,
    0,
    71,
    30,
    1,
    1,
    1,
    0.11458477382071186,
    0.2393337127421339,
    0.8162673260767945,
    0.7885624114923905,
    0.08620094847912763,
    0.17447879259036903,
    -0.5350278759467466,
    0,
    89,
    20,
    73,
    23
  ],
  "genes": {
    "ma_short_period": 22,
    "ma_long_period": 46,
    "ma_type": 1,
    "stop_loss_pct": 9.690649336722714,
    "take_profit_pct": 8.572110118778886,
    "position_size_pct": 24.76955915828206,
    "macro_enabled": 0,
    "macro_weight": 0.10740454750634998,
    "macro_vix_threshold": 49.574545017721796,
    "macro_vix_position_scale": 0.9747189002491796,
    "macro_yc_threshold": -0.13656899776724174,
    "macro_yc_action": 2,
    "macro_rate_threshold": 6.390974821116968,
    "macro_rate_position_scale": 0.7741926406856782,
    "macro_cpi_threshold": 4.405090724949854,
    "macro_cpi_position_scale": 0.48312749866444904,
    "macro_unemp_threshold": 5.0404606375785805,
    "macro_unemp_action": 2,
    "macro_risk_stop_adj": 0.5818180400134112,
    "macro_risk_tp_adj": 1.1989914392605105,
    "macro_regime_count_req": 4,
    "ti_enabled": 0,
    "ti_weight": 0.1913366907647588,
    "ti_rsi_overbought": 74,
    "ti_rsi_oversold": 30,
    "ti_adx_threshold": 31,
    "ti_adx_position_scale": 0.8045200992685766,
    "ti_natr_threshold": 4.522852390308479,
    "ti_natr_risk_action": 0,
    "ti_mfi_overbought": 71,
    "ti_mfi_oversold": 30,
    "ti_macdhist_confirm": 1,
    "ti_macdhist_exit_confirm": 1,
    "ensemble_enabled": 1,
    "sig_ma_weight": 0.11458477382071186,
    "sig_bb_weight": 0.2393337127421339,
    "sig_stoch_weight": 0.8162673260767945,
    "sig_macd_weight": 0.7885624114923905,
    "sig_rsi_weight": 0.08620094847912763,
    "sig_buy_threshold": 0.17447879259036903,
    "sig_sell_threshold": -0.5350278759467466,
    "sig_bb_period_idx": 0,
    "sig_stoch_ob": 89,
    "sig_stoch_os": 20,
    "sig_rsi_ob": 73,
    "sig_rsi_os": 23
  }
}