{
  "generation": 9,
  "fitness": 21.25883385607191,
  "chromosome": [
    11,
    63,
    1,
    8.508111291055366,
    4.514991502950892,
    19.560013409012655,
    1,
    0.5088720150695117,
    44.988999124826094,
    0.5781806502123672,
    0.4871038522719622,
    1,
    4.000923010056138,
    0.5593235096004145,
    7.501175009569172,
    0.5112054229308193,
    7.689573579488177,
    0,
    0.7365211876331261,
    1.3663930185000135,
    2,
    0,
    0.617024071683019,
    71,
    21,
    40,
    0.5092980326846572,
    5.453520779083172,
    0,
    90,
    29,
    0,
    1,
    1,
    0.26035035645800564,
    0.6949274216114196,
    0.632996584201486,
    0.7206639335209584,
    0.8760074146441668,
    0.22764124203492306,
    -0.7118034258037632,
    0,
    82,
    24,
    81,
    40
  ],
  "genes": {
    "ma_short_period": 11,
    "ma_long_period": 63,
    "ma_type": 1,
    "stop_loss_pct": 8.508111291055366,
    "take_profit_pct": 4.514991502950892,
    "position_size_pct": 19.560013409012655,
    "macro_enabled": 1,
    "macro_weight": 0.5088720150695117,
    "macro_vix_threshold": 44.988999124826094,
    "macro_vix_position_scale": 0.5781806502123672,
    "macro_yc_threshold": 0.4871038522719622,
    "macro_yc_action": 1,
    "macro_rate_threshold": 4.000923010056138,
    "macro_rate_position_scale": 0.5593235096004145,
    "macro_cpi_threshold": 7.501175009569172,
    "macro_cpi_position_scale": 0.5112054229308193,
    "macro_unemp_threshold": 7.689573579488177,
    "macro_unemp_action": 0,
    "macro_risk_stop_adj": 0.7365211876331261,
    "macro_risk_tp_adj": 1.3663930185000135,
    "macro_regime_count_req": 2,
    "ti_enabled": 0,
    "ti_weight": 0.617024071683019,
    "ti_rsi_overbought": 71,
    "ti_rsi_oversold": 21,
    "ti_adx_threshold": 40,
    "ti_adx_position_scale": 0.5092980326846572,
    "ti_natr_threshold": 5.453520779083172,
    "ti_natr_risk_action": 0,
    "ti_mfi_overbought": 90,
    "ti_mfi_oversold": 29,
    "ti_macdhist_confirm": 0,
    "ti_macdhist_exit_confirm": 1,
    "ensemble_enabled": 1,
    "sig_ma_weight": 0.26035035645800564,
    "sig_bb_weight": 0.6949274216114196,
    "sig_stoch_weight": 0.632996584201486,
    "sig_macd_weight": 0.7206639335209584,
    "sig_rsi_weight": 0.8760074146441668,
    "sig_buy_threshold": 0.22764124203492306,
    "sig_sell_threshold": -0.7118034258037632,
    "sig_bb_period_idx": 0,
    "sig_stoch_ob": 82,
    "sig_stoch_os": 24,
    "sig_rsi_ob": 81,
    "sig_rsi_os": 40
  }
}