{
  "generation": 9,
  "fitness": 113.85241318272308,
  "chromosome": [
    17,
    88,
    1,
    4.701033297304561,
    12.367555122587568,
    24.33027407177717,
    0,
    0.08128226261070637,
    42.28187184406228,
    0.23589608447532948,
    0.09501883748668427,
    2,
    2.1810909214778054,
    0.512062145541839,
    7.190315482512419,
    0.6295097360462018,
    6.698773379735456,
    0,
    0.9612214983250007,
    0.9331781414731273,
    2,
    0,
    0.2226948400820331,
    67,
    38,
    18,
    0.22827218668983598,
    3.0764771368862815,
    0,
    87,
    21,
    1,
    0
  ],
  "genes": {
    "ma_short_period": 17,
    "ma_long_period": 88,
    "ma_type": 1,
    "stop_loss_pct": 4.701033297304561,
    "take_profit_pct": 12.367555122587568,
    "position_size_pct": 24.33027407177717,
    "macro_enabled": 0,
    "macro_weight": 0.08128226261070637,
    "macro_vix_threshold": 42.28187184406228,
    "macro_vix_position_scale": 0.23589608447532948,
    "macro_yc_threshold": 0.09501883748668427,
    "macro_yc_action": 2,
    "macro_rate_threshold": 2.1810909214778054,
    "macro_rate_position_scale": 0.512062145541839,
    "macro_cpi_threshold": 7.190315482512419,
    "macro_cpi_position_scale": 0.6295097360462018,
    "macro_unemp_threshold": 6.698773379735456,
    "macro_unemp_action": 0,
    "macro_risk_stop_adj": 0.9612214983250007,
    "macro_risk_tp_adj": 0.9331781414731273,
    "macro_regime_count_req": 2,
    "ti_enabled": 0,
    "ti_weight": 0.2226948400820331,
    "ti_rsi_overbought": 67,
    "ti_rsi_oversold": 38,
    "ti_adx_threshold": 18,
    "ti_adx_position_scale": 0.22827218668983598,
    "ti_natr_threshold": 3.0764771368862815,
    "ti_natr_risk_action": 0,
    "ti_mfi_overbought": 87,
    "ti_mfi_oversold": 21,
    "ti_macdhist_confirm": 1,
    "ti_macdhist_exit_confirm": 0
  }
}