{
  "generation": 9,
  "fitness": 24.923652780063055,
  "chromosome": [
    22,
    49,
    1,
    9.175703006913455,
    13.54518328585041,
    24.170254909249703,
    0,
    0.30714677983145855,
    19.284366110591563,
    0.46499167486313814,
    0.7523924724336473,
    2,
    3.6201071640487577,
    0.7820745938484656,
    2.1715174977290816,
    0.9598733685208285,
    8.990631330849126,
    2,
    1.1478147778276104,
    1.3970549930616554,
    3,
    0,
    0.7181813997317316,
    80,
    18,
    29,
    0.35155970694239197,
    4.400495869773984,
    2,
    72,
    5,
    0,
    0,
    1,
    0.03568795751952003,
    0.879446114747224,
    0.15935848856502743,
    0.7222494760545234,
    0.2562436965621866,
    0.2569714083752959,
    -0.12745844315881738,
    2,
    85,
    22,
    84,
    25
  ],
  "genes": {
    "ma_short_period": 22,
    "ma_long_period": 49,
    "ma_type": 1,
    "stop_loss_pct": 9.175703006913455,
    "take_profit_pct": 13.54518328585041,
    "position_size_pct": 24.170254909249703,
    "macro_enabled": 0,
    "macro_weight": 0.30714677983145855,
    "macro_vix_threshold": 19.284366110591563,
    "macro_vix_position_scale": 0.46499167486313814,
    "macro_yc_threshold": 0.7523924724336473,
    "macro_yc_action": 2,
    "macro_rate_threshold": 3.6201071640487577,
    "macro_rate_position_scale": 0.7820745938484656,
    "macro_cpi_threshold": 2.1715174977290816,
    "macro_cpi_position_scale": 0.9598733685208285,
    "macro_unemp_threshold": 8.990631330849126,
    "macro_unemp_action": 2,
    "macro_risk_stop_adj": 1.1478147778276104,
    "macro_risk_tp_adj": 1.3970549930616554,
    "macro_regime_count_req": 3,
    "ti_enabled": 0,
    "ti_weight": 0.7181813997317316,
    "ti_rsi_overbought": 80,
    "ti_rsi_oversold": 18,
    "ti_adx_threshold": 29,
    "ti_adx_position_scale": 0.35155970694239197,
    "ti_natr_threshold": 4.400495869773984,
    "ti_natr_risk_action": 2,
    "ti_mfi_overbought": 72,
    "ti_mfi_oversold": 5,
    "ti_macdhist_confirm": 0,
    "ti_macdhist_exit_confirm": 0,
    "ensemble_enabled": 1,
    "sig_ma_weight": 0.03568795751952003,
    "sig_bb_weight": 0.879446114747224,
    "sig_stoch_weight": 0.15935848856502743,
    "sig_macd_weight": 0.7222494760545234,
    "sig_rsi_weight": 0.2562436965621866,
    "sig_buy_threshold": 0.2569714083752959,
    "sig_sell_threshold": -0.12745844315881738,
    "sig_bb_period_idx": 2,
    "sig_stoch_ob": 85,
    "sig_stoch_os": 22,
    "sig_rsi_ob": 84,
    "sig_rsi_os": 25
  }
}