{
  "generation": 19,
  "fitness": 76.31102499002023,
  "chromosome": [
    13,
    31,
    0,
    9.729432875966932,
    11.68723800374161,
    23.5619156858237,
    1,
    0.031707145726921016,
    31.481510813097525,
    0.24430511751474243,
    0.351113870987837,
    0,
    6.272661972701975,
    0.5725053789169464,
    2.3948931136258036,
    0.9034016852140849,
    9.232715941233828,
    1,
    1.818471694377727,
    0.6931796717626897,
    1
  ],
  "genes": {
    "ma_short_period": 13,
    "ma_long_period": 31,
    "ma_type": 0,
    "stop_loss_pct": 9.729432875966932,
    "take_profit_pct": 11.68723800374161,
    "position_size_pct": 23.5619156858237,
    "macro_enabled": 1,
    "macro_weight": 0.031707145726921016,
    "macro_vix_threshold": 31.481510813097525,
    "macro_vix_position_scale": 0.24430511751474243,
    "macro_yc_threshold": 0.351113870987837,
    "macro_yc_action": 0,
    "macro_rate_threshold": 6.272661972701975,
    "macro_rate_position_scale": 0.5725053789169464,
    "macro_cpi_threshold": 2.3948931136258036,
    "macro_cpi_position_scale": 0.9034016852140849,
    "macro_unemp_threshold": 9.232715941233828,
    "macro_unemp_action": 1,
    "macro_risk_stop_adj": 1.818471694377727,
    "macro_risk_tp_adj": 0.6931796717626897,
    "macro_regime_count_req": 1
  }
}