{
  "generation": 79,
  "fitness": 25.815371449793474,
  "chromosome": [
    5,
    98,
    1,
    7.311828882170535,
    9.570413504199838,
    23.973963196998056,
    0,
    0.8831466317695036,
    26.960641703726775,
    0.4325548412689397,
    -0.5983509519674992,
    2,
    6.292676764203999,
    0.9290996012656243,
    7.293477691697475,
    0.5167969741392737,
    7.295523530078576,
    1,
    1.1065400315833918,
    0.8827077668133929,
    4,
    0,
    0.5522488092834006,
    74,
    12,
    31,
    0.20685887259924263,
    3.5341864237544653,
    1,
    85,
    17,
    1,
    1,
    1,
    0.8508504550916648,
    0.11757220513614486,
    0.14777247975751018,
    0.8649220858152662,
    0.15297816379498475,
    0.16454129063704231,
    -0.7606050370882654,
    0,
    86,
    15,
    79,
    26
  ],
  "genes": {
    "ma_short_period": 5,
    "ma_long_period": 98,
    "ma_type": 1,
    "stop_loss_pct": 7.311828882170535,
    "take_profit_pct": 9.570413504199838,
    "position_size_pct": 23.973963196998056,
    "macro_enabled": 0,
    "macro_weight": 0.8831466317695036,
    "macro_vix_threshold": 26.960641703726775,
    "macro_vix_position_scale": 0.4325548412689397,
    "macro_yc_threshold": -0.5983509519674992,
    "macro_yc_action": 2,
    "macro_rate_threshold": 6.292676764203999,
    "macro_rate_position_scale": 0.9290996012656243,
    "macro_cpi_threshold": 7.293477691697475,
    "macro_cpi_position_scale": 0.5167969741392737,
    "macro_unemp_threshold": 7.295523530078576,
    "macro_unemp_action": 1,
    "macro_risk_stop_adj": 1.1065400315833918,
    "macro_risk_tp_adj": 0.8827077668133929,
    "macro_regime_count_req": 4,
    "ti_enabled": 0,
    "ti_weight": 0.5522488092834006,
    "ti_rsi_overbought": 74,
    "ti_rsi_oversold": 12,
    "ti_adx_threshold": 31,
    "ti_adx_position_scale": 0.20685887259924263,
    "ti_natr_threshold": 3.5341864237544653,
    "ti_natr_risk_action": 1,
    "ti_mfi_overbought": 85,
    "ti_mfi_oversold": 17,
    "ti_macdhist_confirm": 1,
    "ti_macdhist_exit_confirm": 1,
    "ensemble_enabled": 1,
    "sig_ma_weight": 0.8508504550916648,
    "sig_bb_weight": 0.11757220513614486,
    "sig_stoch_weight": 0.14777247975751018,
    "sig_macd_weight": 0.8649220858152662,
    "sig_rsi_weight": 0.15297816379498475,
    "sig_buy_threshold": 0.16454129063704231,
    "sig_sell_threshold": -0.7606050370882654,
    "sig_bb_period_idx": 0,
    "sig_stoch_ob": 86,
    "sig_stoch_os": 15,
    "sig_rsi_ob": 79,
    "sig_rsi_os": 26
  }
}