{
  "generation": 19,
  "fitness": 36.938360371138074,
  "chromosome": [
    14,
    66,
    0,
    9.417184077389562,
    10.092331495318836,
    21.61559065632977,
    1,
    0.2656145125313538,
    25.267011537207367,
    0.6465948698300805,
    0.11758091606011467,
    1,
    7.796581387237903,
    0.48033924165637176,
    7.82323861989273,
    0.36998687424721194,
    4.323811094186785,
    2,
    1.6379413791870157,
    1.705299333600157,
    1,
    0,
    0.07945770378149564,
    89,
    25,
    39,
    0.7005977852237062,
    5.4984257026693335,
    2,
    71,
    5,
    0,
    0,
    1,
    0.5757537257348322,
    0.8466286543648984,
    0.5061813782626513,
    0.6792167650494261,
    0.025672692387785356,
    0.3602638829725884,
    -0.1937990420306508,
    0,
    81,
    27,
    65,
    16
  ],
  "genes": {
    "ma_short_period": 14,
    "ma_long_period": 66,
    "ma_type": 0,
    "stop_loss_pct": 9.417184077389562,
    "take_profit_pct": 10.092331495318836,
    "position_size_pct": 21.61559065632977,
    "macro_enabled": 1,
    "macro_weight": 0.2656145125313538,
    "macro_vix_threshold": 25.267011537207367,
    "macro_vix_position_scale": 0.6465948698300805,
    "macro_yc_threshold": 0.11758091606011467,
    "macro_yc_action": 1,
    "macro_rate_threshold": 7.796581387237903,
    "macro_rate_position_scale": 0.48033924165637176,
    "macro_cpi_threshold": 7.82323861989273,
    "macro_cpi_position_scale": 0.36998687424721194,
    "macro_unemp_threshold": 4.323811094186785,
    "macro_unemp_action": 2,
    "macro_risk_stop_adj": 1.6379413791870157,
    "macro_risk_tp_adj": 1.705299333600157,
    "macro_regime_count_req": 1,
    "ti_enabled": 0,
    "ti_weight": 0.07945770378149564,
    "ti_rsi_overbought": 89,
    "ti_rsi_oversold": 25,
    "ti_adx_threshold": 39,
    "ti_adx_position_scale": 0.7005977852237062,
    "ti_natr_threshold": 5.4984257026693335,
    "ti_natr_risk_action": 2,
    "ti_mfi_overbought": 71,
    "ti_mfi_oversold": 5,
    "ti_macdhist_confirm": 0,
    "ti_macdhist_exit_confirm": 0,
    "ensemble_enabled": 1,
    "sig_ma_weight": 0.5757537257348322,
    "sig_bb_weight": 0.8466286543648984,
    "sig_stoch_weight": 0.5061813782626513,
    "sig_macd_weight": 0.6792167650494261,
    "sig_rsi_weight": 0.025672692387785356,
    "sig_buy_threshold": 0.3602638829725884,
    "sig_sell_threshold": -0.1937990420306508,
    "sig_bb_period_idx": 0,
    "sig_stoch_ob": 81,
    "sig_stoch_os": 27,
    "sig_rsi_ob": 65,
    "sig_rsi_os": 16
  }
}