{
  "generation": 59,
  "fitness": 76.56788625680542,
  "chromosome": [
    17,
    69,
    1,
    5.37040878009738,
    9.938703106385677,
    24.960091109816336,
    0,
    0.3090529197185511,
    42.72596407263225,
    0.2970520963081197,
    0.1116735054548097,
    2,
    3.3736855078766586,
    0.6557984919190584,
    6.943532200597855,
    0.48312749866444904,
    8.137984634902208,
    1,
    1.1739631325667572,
    1.8774986998663845,
    2,
    0,
    0.25093327505763297,
    79,
    10,
    28,
    0.934228922288429,
    7.556800572269859,
    0,
    74,
    25,
    1,
    1,
    1,
    0.5688213781679748,
    0.2393337127421339,
    0.1441915612835769,
    0.7885624114923905,
    0.16584355203215828,
    0.16447298173030309,
    -0.5405487165809841,
    2,
    84,
    26,
    80,
    17
  ],
  "genes": {
    "ma_short_period": 17,
    "ma_long_period": 69,
    "ma_type": 1,
    "stop_loss_pct": 5.37040878009738,
    "take_profit_pct": 9.938703106385677,
    "position_size_pct": 24.960091109816336,
    "macro_enabled": 0,
    "macro_weight": 0.3090529197185511,
    "macro_vix_threshold": 42.72596407263225,
    "macro_vix_position_scale": 0.2970520963081197,
    "macro_yc_threshold": 0.1116735054548097,
    "macro_yc_action": 2,
    "macro_rate_threshold": 3.3736855078766586,
    "macro_rate_position_scale": 0.6557984919190584,
    "macro_cpi_threshold": 6.943532200597855,
    "macro_cpi_position_scale": 0.48312749866444904,
    "macro_unemp_threshold": 8.137984634902208,
    "macro_unemp_action": 1,
    "macro_risk_stop_adj": 1.1739631325667572,
    "macro_risk_tp_adj": 1.8774986998663845,
    "macro_regime_count_req": 2,
    "ti_enabled": 0,
    "ti_weight": 0.25093327505763297,
    "ti_rsi_overbought": 79,
    "ti_rsi_oversold": 10,
    "ti_adx_threshold": 28,
    "ti_adx_position_scale": 0.934228922288429,
    "ti_natr_threshold": 7.556800572269859,
    "ti_natr_risk_action": 0,
    "ti_mfi_overbought": 74,
    "ti_mfi_oversold": 25,
    "ti_macdhist_confirm": 1,
    "ti_macdhist_exit_confirm": 1,
    "ensemble_enabled": 1,
    "sig_ma_weight": 0.5688213781679748,
    "sig_bb_weight": 0.2393337127421339,
    "sig_stoch_weight": 0.1441915612835769,
    "sig_macd_weight": 0.7885624114923905,
    "sig_rsi_weight": 0.16584355203215828,
    "sig_buy_threshold": 0.16447298173030309,
    "sig_sell_threshold": -0.5405487165809841,
    "sig_bb_period_idx": 2,
    "sig_stoch_ob": 84,
    "sig_stoch_os": 26,
    "sig_rsi_ob": 80,
    "sig_rsi_os": 17
  }
}